Actual Label,Actual Class,Predicted Label,Predicted Class,Probability_leaf_blight,Probability_leaf_rust,Probability_leaf_spot,Probability_powdery_mildew,Probability_yellow_leaf_disease
0,leaf_blight,4,yellow_leaf_disease,0.1033991,0.10145328,0.1855828,0.0046785246,0.6048863
0,leaf_blight,2,leaf_spot,0.4300856,0.039069396,0.46220228,0.007917668,0.060725015
0,leaf_blight,2,leaf_spot,0.23392935,0.08419767,0.4415194,0.04978172,0.19057181
0,leaf_blight,1,leaf_rust,0.089555435,0.49303964,0.06857425,0.009671123,0.33915952
0,leaf_blight,0,leaf_blight,0.85419655,0.07509166,0.030616181,0.007555073,0.032540582
0,leaf_blight,2,leaf_spot,0.42874908,0.039673865,0.44039968,0.0042285603,0.086948924
0,leaf_blight,0,leaf_blight,0.36088112,0.026948363,0.34336752,0.06742287,0.20138013
0,leaf_blight,1,leaf_rust,0.1420222,0.5045878,0.11943727,0.0010056002,0.23294713
0,leaf_blight,0,leaf_blight,0.44012833,0.009552233,0.052756097,0.31943664,0.17812675
0,leaf_blight,0,leaf_blight,0.42807797,0.1955354,0.12561063,0.021022718,0.22975327
0,leaf_blight,0,leaf_blight,0.7261919,0.020845024,0.1538513,0.050540198,0.048571512
0,leaf_blight,2,leaf_spot,0.22952282,0.30606094,0.3739744,0.014316642,0.07612521
0,leaf_blight,0,leaf_blight,0.6370541,0.22081926,0.074507795,0.004186615,0.06343216
0,leaf_blight,4,yellow_leaf_disease,0.13789175,0.033272464,0.1405034,0.004932429,0.6833999
0,leaf_blight,0,leaf_blight,0.9379436,0.0070800707,0.035296414,0.007652812,0.012027128
0,leaf_blight,4,yellow_leaf_disease,0.20763922,0.0115677,0.20105241,0.18595739,0.3937832
0,leaf_blight,1,leaf_rust,0.06401281,0.7970596,0.02838536,0.008235218,0.102307044
0,leaf_blight,0,leaf_blight,0.441352,0.015325921,0.18808211,0.068028815,0.28721112
0,leaf_blight,0,leaf_blight,0.5577275,0.082374595,0.22995669,0.0481459,0.081795216
0,leaf_blight,4,yellow_leaf_disease,0.1739565,0.17264858,0.16720405,0.14389707,0.34229377
0,leaf_blight,0,leaf_blight,0.40495428,0.012806368,0.34732246,0.0055519324,0.22936487
0,leaf_blight,0,leaf_blight,0.36831668,0.19993292,0.12525427,0.11659223,0.18990389
0,leaf_blight,4,yellow_leaf_disease,0.25548944,0.11987263,0.19601817,0.06517085,0.36344886
0,leaf_blight,1,leaf_rust,0.12817739,0.294711,0.038335532,0.2811017,0.25767437
0,leaf_blight,0,leaf_blight,0.9672788,0.00023685845,0.0058044004,3.408539e-05,0.026645917
0,leaf_blight,0,leaf_blight,0.5057162,0.11694399,0.108076155,0.2178827,0.051380962
0,leaf_blight,0,leaf_blight,0.8481286,0.013580692,0.06700353,0.018195776,0.05309139
0,leaf_blight,0,leaf_blight,0.40144733,0.129547,0.09458023,0.017666528,0.35675892
0,leaf_blight,2,leaf_spot,0.123666115,0.03377512,0.40114462,0.13200776,0.30940643
0,leaf_blight,2,leaf_spot,0.19610855,0.09879605,0.44012776,0.022630341,0.2423373
0,leaf_blight,0,leaf_blight,0.69794166,0.025195457,0.08953652,0.13356796,0.053758465
0,leaf_blight,0,leaf_blight,0.6529151,0.08798174,0.025803925,0.0054254197,0.22787379
0,leaf_blight,4,yellow_leaf_disease,0.11140986,0.05846656,0.29917443,0.020510526,0.5104387
0,leaf_blight,4,yellow_leaf_disease,0.30951193,0.012958772,0.11051215,0.025101587,0.5419156
0,leaf_blight,0,leaf_blight,0.88785577,0.0035365366,0.056217495,0.0077663986,0.0446238
0,leaf_blight,2,leaf_spot,0.38274768,0.005522233,0.44535887,0.04523295,0.1211382
0,leaf_blight,0,leaf_blight,0.80784637,0.03153275,0.08252557,0.012947754,0.065147445
0,leaf_blight,4,yellow_leaf_disease,0.23475304,0.24252017,0.067424595,0.002544894,0.45275733
0,leaf_blight,0,leaf_blight,0.4323986,0.29641938,0.15470101,7.335963e-05,0.11640769
0,leaf_blight,0,leaf_blight,0.47292104,0.07008461,0.10591798,0.04602216,0.30505422
0,leaf_blight,4,yellow_leaf_disease,0.15770842,0.15394288,0.23037598,0.0050137904,0.4529589
0,leaf_blight,0,leaf_blight,0.4072031,0.04042768,0.20713411,0.047617264,0.29761782
0,leaf_blight,0,leaf_blight,0.8412737,0.024170518,0.10041738,0.0049391827,0.02919918
0,leaf_blight,4,yellow_leaf_disease,0.11234185,0.05943754,0.3026861,0.019967468,0.50556695
0,leaf_blight,4,yellow_leaf_disease,0.16391733,0.1260034,0.22833604,0.025560264,0.45618308
0,leaf_blight,0,leaf_blight,0.8673376,0.0042782533,0.041965153,0.0022130304,0.08420594
0,leaf_blight,0,leaf_blight,0.5560865,0.11244675,0.13403685,0.0015802695,0.19584969
0,leaf_blight,0,leaf_blight,0.47134024,0.020600988,0.20857231,0.014116267,0.2853702
0,leaf_blight,0,leaf_blight,0.7583689,0.024323417,0.10036367,0.002085052,0.114859015
0,leaf_blight,0,leaf_blight,0.6134919,0.07488716,0.24345875,0.005250843,0.0629114
0,leaf_blight,0,leaf_blight,0.55928946,0.012408026,0.11177956,0.060123812,0.25639918
0,leaf_blight,0,leaf_blight,0.9018205,0.0012233241,0.07837529,0.008788617,0.009792212
0,leaf_blight,0,leaf_blight,0.46113378,0.16310392,0.10115159,0.08339852,0.19121216
0,leaf_blight,0,leaf_blight,0.91726726,0.008928511,0.034405828,0.0011443332,0.03825404
0,leaf_blight,0,leaf_blight,0.62661463,0.1178775,0.09691614,0.07333678,0.08525495
0,leaf_blight,0,leaf_blight,0.8660123,0.0035672945,0.06562958,0.011219837,0.053571086
0,leaf_blight,2,leaf_spot,0.23567083,0.2948702,0.3758586,0.01587872,0.0777216
0,leaf_blight,2,leaf_spot,0.2628406,0.09415665,0.33455947,0.008482409,0.29996085
0,leaf_blight,0,leaf_blight,0.53378695,0.005310175,0.19304723,0.0024016895,0.26545393
0,leaf_blight,0,leaf_blight,0.60346353,0.015236495,0.32635066,0.008137268,0.04681213
0,leaf_blight,4,yellow_leaf_disease,0.07412214,0.04139261,0.2166336,0.2752649,0.39258674
0,leaf_blight,2,leaf_spot,0.13139798,0.038748436,0.59557444,0.007222544,0.22705661
0,leaf_blight,0,leaf_blight,0.7686582,0.02652675,0.10942827,0.04024131,0.055145368
0,leaf_blight,0,leaf_blight,0.93839675,0.0033066168,0.018287903,0.0050797337,0.034929063
0,leaf_blight,4,yellow_leaf_disease,0.29503047,0.15094338,0.1923163,0.045363236,0.31634656
0,leaf_blight,0,leaf_blight,0.8033547,0.060117632,0.044852242,0.0372809,0.05439451
0,leaf_blight,2,leaf_spot,0.24378905,0.06231826,0.5976432,0.003735104,0.092514336
0,leaf_blight,2,leaf_spot,0.12686314,0.26632783,0.42280006,0.007635248,0.17637368
0,leaf_blight,0,leaf_blight,0.91329247,0.0145901535,0.058439888,0.00043451195,0.013242946
0,leaf_blight,0,leaf_blight,0.4130835,0.35584608,0.10926964,0.07055923,0.051241525
0,leaf_blight,4,yellow_leaf_disease,0.33419487,0.11882926,0.10443438,0.024717124,0.41782442
0,leaf_blight,2,leaf_spot,0.077551104,0.035593506,0.6566226,0.056723695,0.17350906
0,leaf_blight,2,leaf_spot,0.26682374,0.07282774,0.5450849,0.00041325684,0.11485036
0,leaf_blight,0,leaf_blight,0.931282,0.0014581265,0.058593053,0.0002295256,0.008437326
0,leaf_blight,1,leaf_rust,0.07226137,0.78239346,0.027565815,0.011736691,0.106042676
0,leaf_blight,4,yellow_leaf_disease,0.1408332,0.013914341,0.08548469,0.02525754,0.7345102
0,leaf_blight,0,leaf_blight,0.9257191,0.007834419,0.03728258,0.008327543,0.020836418
0,leaf_blight,0,leaf_blight,0.30333158,0.1810966,0.26615578,0.09314855,0.1562674
0,leaf_blight,1,leaf_rust,0.1871556,0.4148914,0.15839005,0.033694424,0.20586848
0,leaf_blight,0,leaf_blight,0.8583255,0.027138473,0.107883476,0.00028494414,0.0063677295
0,leaf_blight,0,leaf_blight,0.67235804,0.06253463,0.1350641,0.0028304276,0.12721275
0,leaf_blight,2,leaf_spot,0.07471356,0.030514158,0.663711,0.057151265,0.17390999
0,leaf_blight,0,leaf_blight,0.9010777,0.00024392377,0.08045728,0.000100616264,0.018120468
0,leaf_blight,2,leaf_spot,0.21514505,0.15385683,0.40686482,0.07322935,0.15090396
0,leaf_blight,0,leaf_blight,0.59460896,0.069591105,0.11015668,0.15269092,0.072952434
0,leaf_blight,0,leaf_blight,0.42794332,0.19930705,0.12713856,0.020880193,0.2247309
0,leaf_blight,0,leaf_blight,0.7658281,0.02135154,0.02136507,0.0002431655,0.19121219
0,leaf_blight,4,yellow_leaf_disease,0.09015175,0.004330935,0.15085706,0.23536643,0.51929384
0,leaf_blight,0,leaf_blight,0.8384182,0.013460516,0.07721864,0.006744539,0.064158164
0,leaf_blight,0,leaf_blight,0.41282523,0.165763,0.32672524,0.0070037697,0.08768273
0,leaf_blight,0,leaf_blight,0.75910234,0.015905969,0.21455368,1.4755062e-05,0.010423213
0,leaf_blight,0,leaf_blight,0.30448353,0.16997975,0.2778774,0.088491865,0.15916741
0,leaf_blight,0,leaf_blight,0.6778846,0.1703061,0.08095214,0.034428548,0.036428608
0,leaf_blight,0,leaf_blight,0.45247155,0.027276162,0.14374869,0.0076297754,0.36887386
0,leaf_blight,0,leaf_blight,0.4956664,0.15338343,0.2668287,0.022185793,0.061935615
0,leaf_blight,0,leaf_blight,0.8291771,0.04672211,0.02888885,0.0006260566,0.09458592
0,leaf_blight,0,leaf_blight,0.56829715,0.003263204,0.2676769,0.003510073,0.15725274
0,leaf_blight,0,leaf_blight,0.89519143,0.003028373,0.027835019,0.013898496,0.06004668
0,leaf_blight,0,leaf_blight,0.5277718,0.17947534,0.25231394,0.011897945,0.028540947
0,leaf_blight,0,leaf_blight,0.5440189,0.022025608,0.40707168,0.0015057559,0.025378015
0,leaf_blight,0,leaf_blight,0.6810313,0.018197274,0.059421152,0.001686427,0.23966393
0,leaf_blight,4,yellow_leaf_disease,0.17710422,0.11091474,0.23422623,0.115428925,0.36232588
0,leaf_blight,0,leaf_blight,0.8992461,0.015507851,0.063292265,0.0011536252,0.020800207
0,leaf_blight,0,leaf_blight,0.97593236,0.0005471352,0.015051516,0.0005223864,0.007946575
0,leaf_blight,0,leaf_blight,0.8902889,0.026940346,0.06769434,0.011323314,0.0037531685
0,leaf_blight,0,leaf_blight,0.50280285,0.07064532,0.20531276,0.06842829,0.15281072
0,leaf_blight,0,leaf_blight,0.5421972,0.028061006,0.25245517,0.10408328,0.0732033
0,leaf_blight,0,leaf_blight,0.9558103,0.012199643,0.02000627,0.00091574853,0.011068028
0,leaf_blight,4,yellow_leaf_disease,0.1895166,0.0540961,0.16500546,0.08739014,0.5039917
0,leaf_blight,4,yellow_leaf_disease,0.2851479,0.06298708,0.25060472,0.04305774,0.3582025
0,leaf_blight,0,leaf_blight,0.56318784,0.012850948,0.086247094,0.16316254,0.17455155
0,leaf_blight,0,leaf_blight,0.41239393,0.028228946,0.27046874,0.015976263,0.27293205
0,leaf_blight,4,yellow_leaf_disease,0.1362688,0.06132089,0.1154149,0.06996527,0.6170302
0,leaf_blight,0,leaf_blight,0.57515925,0.068566084,0.08265861,0.086504936,0.18711112
0,leaf_blight,4,yellow_leaf_disease,0.37148023,0.04352296,0.0817779,0.00022242196,0.50299644
0,leaf_blight,0,leaf_blight,0.38497788,0.36677548,0.016811613,0.0033369237,0.2280981
0,leaf_blight,2,leaf_spot,0.19120777,0.11223359,0.5145962,0.0897463,0.09221613
0,leaf_blight,2,leaf_spot,0.32187176,0.27480775,0.36699912,0.001971448,0.034349993
0,leaf_blight,0,leaf_blight,0.6410325,0.09252549,0.16735432,0.02276469,0.076323
0,leaf_blight,0,leaf_blight,0.5354777,0.00757979,0.24818099,0.012148429,0.19661312
0,leaf_blight,0,leaf_blight,0.57915664,0.069710165,0.21557757,0.00010870501,0.13544695
0,leaf_blight,2,leaf_spot,0.17076744,0.21444903,0.51646066,0.0042714453,0.09405142
0,leaf_blight,0,leaf_blight,0.49317303,0.103365995,0.18824552,0.0109220585,0.20429343
0,leaf_blight,0,leaf_blight,0.81111765,0.017070603,0.06838955,0.029796444,0.073625736
0,leaf_blight,0,leaf_blight,0.6876486,0.019956088,0.23979208,0.0056177946,0.046985414
0,leaf_blight,0,leaf_blight,0.32783562,0.051913764,0.15961982,0.13971297,0.32091784
0,leaf_blight,0,leaf_blight,0.97653145,3.0589392e-05,0.014952276,0.0007047494,0.007780952
0,leaf_blight,4,yellow_leaf_disease,0.23638445,0.17817476,0.07166623,0.005159534,0.50861496
0,leaf_blight,0,leaf_blight,0.7593893,0.08385719,0.1342184,0.01376958,0.008765544
0,leaf_blight,0,leaf_blight,0.49437654,0.01648563,0.30097917,0.016217234,0.1719414
0,leaf_blight,0,leaf_blight,0.68375456,0.03949083,0.055299543,0.10266951,0.11878549
0,leaf_blight,4,yellow_leaf_disease,0.13224381,0.13769464,0.25889045,0.07972489,0.39144617
0,leaf_blight,0,leaf_blight,0.88014024,0.017084664,0.05526608,0.0036954335,0.043813594
0,leaf_blight,4,yellow_leaf_disease,0.3738469,0.13906705,0.0934275,0.01792138,0.37573728
0,leaf_blight,0,leaf_blight,0.8088888,0.019662049,0.01610314,0.0007254176,0.15462056
0,leaf_blight,2,leaf_spot,0.20082664,0.13088267,0.64808583,0.0035572844,0.016647536
0,leaf_blight,0,leaf_blight,0.73468405,0.008133346,0.051632956,0.042009246,0.16354038
0,leaf_blight,0,leaf_blight,0.65544444,0.05745779,0.11443674,0.087126724,0.08553441
0,leaf_blight,0,leaf_blight,0.75763714,0.02650314,0.07175251,0.061749287,0.0823578
0,leaf_blight,0,leaf_blight,0.5632835,0.068931594,0.35851672,0.000324721,0.008943439
0,leaf_blight,0,leaf_blight,0.40235263,0.18570437,0.23621942,0.023588395,0.15213521
0,leaf_blight,0,leaf_blight,0.71031606,0.020561796,0.0818957,0.03954313,0.1476834
0,leaf_blight,0,leaf_blight,0.970139,0.00021112284,0.0056863446,0.0052564214,0.018707
0,leaf_blight,0,leaf_blight,0.4728433,0.11217945,0.14860424,0.07913304,0.18723996
0,leaf_blight,4,yellow_leaf_disease,0.32742798,0.035282385,0.05525458,0.03410204,0.54793304
0,leaf_blight,0,leaf_blight,0.4875721,0.07313006,0.21335602,0.0044680126,0.22147378
0,leaf_blight,3,powdery_mildew,0.09877972,0.2561703,0.2053863,0.28110495,0.15855871
0,leaf_blight,0,leaf_blight,0.8099237,0.09931002,0.042617433,0.014613577,0.033535257
0,leaf_blight,0,leaf_blight,0.6346597,0.21694516,0.07743356,0.0045037745,0.0664578
0,leaf_blight,0,leaf_blight,0.85512143,0.0074252333,0.06547141,6.266167e-05,0.07191928
0,leaf_blight,0,leaf_blight,0.78907007,0.02747618,0.07179729,0.0035611072,0.10809528
0,leaf_blight,0,leaf_blight,0.3390339,0.09380948,0.23952188,0.05417041,0.27346432
0,leaf_blight,0,leaf_blight,0.5815001,0.07037589,0.08187246,0.08081233,0.18543929
0,leaf_blight,0,leaf_blight,0.8523183,0.039749622,0.059933044,0.004590254,0.04340876
0,leaf_blight,2,leaf_spot,0.42490256,0.031457167,0.44352,0.007523215,0.09259708
0,leaf_blight,1,leaf_rust,0.42446437,0.56027967,0.00732238,0.0014701764,0.00646339
0,leaf_blight,0,leaf_blight,0.91570824,0.037852682,0.028577648,0.005510464,0.012350923
0,leaf_blight,4,yellow_leaf_disease,0.37617695,0.087403096,0.08157068,0.0011214828,0.4537278
0,leaf_blight,0,leaf_blight,0.8312784,0.0066661355,0.08181502,0.008818525,0.071421936
0,leaf_blight,4,yellow_leaf_disease,0.3216471,0.03998179,0.24879591,0.0144359125,0.3751392
0,leaf_blight,0,leaf_blight,0.79152304,0.0021499877,0.148063,0.001247538,0.057016477
0,leaf_blight,3,powdery_mildew,0.13971615,0.0861331,0.22958396,0.3183425,0.22622427
0,leaf_blight,4,yellow_leaf_disease,0.23498219,0.096754804,0.18289153,0.0010356469,0.48433587
0,leaf_blight,0,leaf_blight,0.9325751,0.010444769,0.026175175,0.01629972,0.01450535
0,leaf_blight,1,leaf_rust,0.21057725,0.49158078,0.055314045,8.126282e-05,0.24244666
0,leaf_blight,0,leaf_blight,0.7428489,0.16726059,0.010022454,0.0012706299,0.07859752
0,leaf_blight,0,leaf_blight,0.76781166,0.008333173,0.13227202,0.011146467,0.08043661
0,leaf_blight,0,leaf_blight,0.49277434,0.11301589,0.11132779,0.1598664,0.123015516
0,leaf_blight,0,leaf_blight,0.7723832,0.060090795,0.09477746,0.00019364081,0.072554834
0,leaf_blight,0,leaf_blight,0.9639591,0.0014438414,0.0074636783,0.0006012163,0.026532141
0,leaf_blight,0,leaf_blight,0.4044732,0.36357647,0.13682286,0.029699972,0.065427534
0,leaf_blight,0,leaf_blight,0.76650405,0.023060663,0.09926441,0.0020308234,0.10914009
0,leaf_blight,0,leaf_blight,0.9744591,0.014030357,0.0038595519,0.00045308753,0.007197902
0,leaf_blight,0,leaf_blight,0.7331546,0.0074447575,0.054326415,0.04359607,0.16147815
1,leaf_rust,1,leaf_rust,0.013916409,0.48099342,0.12307251,0.0038509811,0.37816668
1,leaf_rust,4,yellow_leaf_disease,0.07039543,0.042698193,0.06875886,0.041754443,0.77639306
1,leaf_rust,1,leaf_rust,0.0074024163,0.9103044,0.07890457,0.00010835956,0.0032802334
1,leaf_rust,1,leaf_rust,0.059714243,0.4575436,0.30575237,0.010592637,0.16639726
1,leaf_rust,4,yellow_leaf_disease,0.13464947,0.1045833,0.28744206,0.14318435,0.33014074
1,leaf_rust,1,leaf_rust,0.0074082506,0.8680531,0.05724486,0.021795208,0.0454987
1,leaf_rust,1,leaf_rust,0.0034455745,0.8649874,0.057069052,1.1473172e-06,0.07449689
1,leaf_rust,1,leaf_rust,0.002867588,0.95893234,0.0062342044,0.01963881,0.012326938
1,leaf_rust,1,leaf_rust,0.1592359,0.35449225,0.33355832,0.03057592,0.122137666
1,leaf_rust,4,yellow_leaf_disease,0.23723122,0.12360437,0.19378197,0.016576704,0.42880577
1,leaf_rust,4,yellow_leaf_disease,0.16217522,0.2770195,0.07210138,0.040824253,0.4478796
1,leaf_rust,1,leaf_rust,0.0058398084,0.80083513,0.08439403,0.024043504,0.08488749
1,leaf_rust,1,leaf_rust,0.04924978,0.93504775,0.006706256,0.00043495803,0.008561308
1,leaf_rust,1,leaf_rust,0.0008105708,0.97386295,0.018492412,0.0004927544,0.006341426
1,leaf_rust,1,leaf_rust,0.08771797,0.52386194,0.30407572,0.0076297093,0.07671463
1,leaf_rust,0,leaf_blight,0.43734333,0.22290933,0.1856368,0.0024204904,0.15169004
1,leaf_rust,1,leaf_rust,0.03716581,0.6644592,0.2138136,0.025901465,0.058659792
1,leaf_rust,1,leaf_rust,0.0038609775,0.9869343,0.0022104736,0.0028388125,0.0041554314
1,leaf_rust,1,leaf_rust,0.032306634,0.57267284,0.17323992,0.027876321,0.19390425
1,leaf_rust,3,powdery_mildew,0.0036240793,0.028613094,0.041388754,0.92021924,0.0061547626
1,leaf_rust,4,yellow_leaf_disease,0.037503246,0.1286879,0.15276955,0.104438685,0.5766006
1,leaf_rust,1,leaf_rust,0.17393045,0.36278036,0.31767714,0.011461826,0.13415018
1,leaf_rust,4,yellow_leaf_disease,0.09149018,0.052487954,0.31230822,0.05244635,0.49126735
1,leaf_rust,1,leaf_rust,0.033651635,0.51404077,0.25587612,0.09672177,0.099709764
1,leaf_rust,1,leaf_rust,0.1103173,0.5162319,0.26042882,0.016274229,0.09674783
1,leaf_rust,1,leaf_rust,0.15038598,0.40961593,0.20509392,0.0082123205,0.22669186
1,leaf_rust,0,leaf_blight,0.39726967,0.13924745,0.22097681,0.013676407,0.22882967
1,leaf_rust,1,leaf_rust,0.21331696,0.48761138,0.1653367,0.011045391,0.122689545
1,leaf_rust,1,leaf_rust,0.16363831,0.41953722,0.069483444,0.31375834,0.03358266
1,leaf_rust,1,leaf_rust,0.0013954026,0.9939522,0.004447514,6.0660964e-06,0.0001987981
1,leaf_rust,3,powdery_mildew,0.091149144,0.11180626,0.18400754,0.43506283,0.17797418
1,leaf_rust,4,yellow_leaf_disease,0.023463352,0.002712527,0.18660201,0.10026396,0.6869582
1,leaf_rust,1,leaf_rust,0.006829392,0.86948043,0.057646938,0.020463906,0.045579348
1,leaf_rust,1,leaf_rust,0.3294329,0.33425924,0.14215186,0.0051316223,0.18902436
1,leaf_rust,1,leaf_rust,0.046654776,0.87356544,0.07441338,0.00056004804,0.004806278
1,leaf_rust,0,leaf_blight,0.49291274,0.02286109,0.35813987,0.0017886726,0.1242976
1,leaf_rust,2,leaf_spot,0.22035456,0.12173762,0.3198207,0.24272622,0.09536093
1,leaf_rust,1,leaf_rust,0.10847847,0.81725734,0.04273203,0.009912877,0.021619283
1,leaf_rust,1,leaf_rust,0.076590516,0.84479696,0.044221018,0.01186487,0.022526637
1,leaf_rust,1,leaf_rust,0.020360844,0.72696143,0.17044231,0.029355586,0.052879833
1,leaf_rust,1,leaf_rust,0.13545436,0.41429144,0.25738087,0.059098497,0.13377492
1,leaf_rust,1,leaf_rust,0.028181762,0.892656,0.033877667,0.0055298763,0.03975477
1,leaf_rust,2,leaf_spot,0.090433985,0.1399979,0.4757115,0.002517744,0.29133886
1,leaf_rust,1,leaf_rust,0.07906664,0.669986,0.19405316,0.005820817,0.051073343
1,leaf_rust,1,leaf_rust,0.03351092,0.8550543,0.07479141,0.0014946646,0.035148676
1,leaf_rust,1,leaf_rust,0.020903235,0.90278465,0.03477532,0.024173422,0.017363405
1,leaf_rust,0,leaf_blight,0.6781649,0.08391045,0.14731951,0.0039843675,0.08662083
1,leaf_rust,1,leaf_rust,0.093179055,0.66040045,0.21638417,0.0012022903,0.028834013
1,leaf_rust,1,leaf_rust,0.029164124,0.68683094,0.19116965,0.024718685,0.06811666
1,leaf_rust,1,leaf_rust,0.032996837,0.82862306,0.074866585,0.00045059674,0.06306283
1,leaf_rust,2,leaf_spot,0.019445112,0.12694837,0.6951414,0.0013505946,0.15711455
1,leaf_rust,1,leaf_rust,0.164046,0.28984034,0.11769138,0.2153474,0.21307485
1,leaf_rust,1,leaf_rust,0.035104845,0.90806013,0.045209497,0.0009048547,0.0107206805
1,leaf_rust,1,leaf_rust,0.006688758,0.5173219,0.37168178,0.0052902573,0.09901729
1,leaf_rust,0,leaf_blight,0.5626982,0.039205123,0.15254006,0.043890767,0.20166592
1,leaf_rust,2,leaf_spot,0.03808489,0.20476279,0.6840352,0.005628595,0.06748858
1,leaf_rust,1,leaf_rust,0.044804357,0.34798002,0.14696312,0.13618419,0.32406837
1,leaf_rust,1,leaf_rust,0.00014099338,0.99843794,0.0010259273,8.126642e-06,0.0003869891
1,leaf_rust,1,leaf_rust,0.058842164,0.7766641,0.11615556,0.0009197315,0.047418457
1,leaf_rust,1,leaf_rust,0.001940059,0.97177494,0.022582306,0.0011324501,0.0025702245
1,leaf_rust,1,leaf_rust,0.011043619,0.9093266,0.046694405,0.024026254,0.008909111
1,leaf_rust,4,yellow_leaf_disease,0.1241633,0.09368395,0.11426226,0.2645629,0.4033276
1,leaf_rust,0,leaf_blight,0.6171335,0.27656257,0.08740667,0.0041665905,0.01473071
1,leaf_rust,1,leaf_rust,0.059478,0.77940416,0.08904339,0.010431902,0.061642524
1,leaf_rust,1,leaf_rust,0.23016205,0.23113759,0.20237167,0.13713163,0.19919704
1,leaf_rust,1,leaf_rust,0.019480284,0.7214582,0.24688548,0.0003350339,0.01184096
1,leaf_rust,1,leaf_rust,0.026349166,0.93985444,0.018028611,0.0005964497,0.01517125
1,leaf_rust,1,leaf_rust,0.062900305,0.4949836,0.29758433,0.057582103,0.08694966
1,leaf_rust,1,leaf_rust,0.12327559,0.7362457,0.06657502,0.011156806,0.062746905
1,leaf_rust,4,yellow_leaf_disease,0.011197466,0.13527833,0.039890755,0.00330999,0.8103235
1,leaf_rust,4,yellow_leaf_disease,0.09582331,0.21669981,0.076652914,0.05584799,0.55497605
1,leaf_rust,1,leaf_rust,0.26311615,0.66673976,0.03153901,0.0047542704,0.033850737
1,leaf_rust,1,leaf_rust,0.003891533,0.984189,0.010225785,2.7195854e-05,0.0016664057
1,leaf_rust,1,leaf_rust,0.17164448,0.5432171,0.23721817,0.008966553,0.03895359
1,leaf_rust,1,leaf_rust,0.07675041,0.7230222,0.12133726,0.00054429454,0.07834579
1,leaf_rust,1,leaf_rust,0.01975536,0.8001784,0.04769056,0.023352185,0.10902347
1,leaf_rust,1,leaf_rust,0.090487264,0.8054425,0.04805818,0.0043894676,0.05162255
1,leaf_rust,1,leaf_rust,0.32631212,0.44907394,0.08934695,0.0033293408,0.1319377
1,leaf_rust,1,leaf_rust,0.17433539,0.5679719,0.13352825,0.007909708,0.11625473
1,leaf_rust,1,leaf_rust,0.05283953,0.39775142,0.14477128,0.0676754,0.33696228
1,leaf_rust,0,leaf_blight,0.5580062,0.30130053,0.047869362,0.014920008,0.07790385
1,leaf_rust,1,leaf_rust,0.0073065697,0.9670447,0.013439811,0.0008550566,0.011353938
1,leaf_rust,1,leaf_rust,0.07279829,0.47915527,0.19392394,0.092236936,0.16188551
1,leaf_rust,0,leaf_blight,0.6526961,0.16134374,0.0579576,0.0024618742,0.12554064
1,leaf_rust,1,leaf_rust,0.3326922,0.38455737,0.1795523,0.010714353,0.09248383
1,leaf_rust,3,powdery_mildew,0.09330487,0.08485949,0.08605885,0.4564916,0.27928525
1,leaf_rust,1,leaf_rust,0.0076562827,0.936534,0.028378686,0.00489259,0.022538526
1,leaf_rust,2,leaf_spot,0.15417026,0.11062539,0.4162262,0.003261434,0.3157166
1,leaf_rust,0,leaf_blight,0.59377646,0.3252333,0.044042777,0.0019942997,0.034953095
1,leaf_rust,1,leaf_rust,0.14263992,0.42712498,0.086822994,0.08970243,0.2537097
1,leaf_rust,1,leaf_rust,0.14439599,0.37384447,0.2512322,0.105357416,0.12516998
1,leaf_rust,1,leaf_rust,0.00089241605,0.95744056,0.032762904,0.0005168726,0.008387171
1,leaf_rust,1,leaf_rust,0.14273916,0.41036442,0.3566934,0.033497456,0.05670555
1,leaf_rust,0,leaf_blight,0.60291845,0.16460754,0.081167094,0.01668304,0.13462393
1,leaf_rust,4,yellow_leaf_disease,0.15967503,0.25124958,0.25026155,0.078210205,0.2606037
1,leaf_rust,0,leaf_blight,0.5601342,0.18469767,0.08594896,0.025115946,0.14410329
1,leaf_rust,1,leaf_rust,0.35095328,0.41238853,0.08564605,0.0035497427,0.14746232
1,leaf_rust,1,leaf_rust,0.23240815,0.49884564,0.22545588,0.0066271885,0.036663216
1,leaf_rust,1,leaf_rust,0.048417922,0.6845302,0.22346091,0.006099905,0.037491016
1,leaf_rust,1,leaf_rust,0.081294686,0.73257333,0.08349473,0.0008533248,0.10178394
1,leaf_rust,1,leaf_rust,0.116324045,0.76142204,0.0737631,0.0090671955,0.039423533
1,leaf_rust,1,leaf_rust,0.00562594,0.87399185,0.050106626,0.0029498304,0.0673257
1,leaf_rust,4,yellow_leaf_disease,0.016010744,0.25563273,0.05315872,0.11893651,0.55626136
1,leaf_rust,1,leaf_rust,0.016806362,0.95953214,0.020373818,8.056503e-05,0.003207125
1,leaf_rust,1,leaf_rust,0.14044009,0.4258251,0.010292312,0.0068963463,0.41654605
1,leaf_rust,2,leaf_spot,0.01169301,0.19900803,0.7640334,0.001826295,0.023439327
1,leaf_rust,1,leaf_rust,0.1026465,0.7442655,0.03018463,0.05358182,0.06932157
1,leaf_rust,1,leaf_rust,0.006994218,0.98156667,0.0056731272,0.0009136947,0.004852233
1,leaf_rust,1,leaf_rust,0.0022039812,0.98071104,0.015107664,0.0010965371,0.00088084245
1,leaf_rust,1,leaf_rust,0.038290434,0.9104957,0.041777663,0.004398582,0.0050376966
1,leaf_rust,2,leaf_spot,0.23977973,0.19699489,0.40389857,0.035497915,0.12382887
1,leaf_rust,2,leaf_spot,0.023513652,0.3884663,0.5731962,0.0009530818,0.013870839
1,leaf_rust,1,leaf_rust,0.09736746,0.6909836,0.06865355,0.053120367,0.08987502
1,leaf_rust,1,leaf_rust,0.059191067,0.51122063,0.22890097,0.0018222186,0.19886509
1,leaf_rust,1,leaf_rust,0.050385892,0.762005,0.17112899,0.00072094554,0.015759159
1,leaf_rust,1,leaf_rust,0.057665963,0.5734357,0.24168617,0.00089476584,0.12631744
1,leaf_rust,3,powdery_mildew,0.026568528,0.06872381,0.30311194,0.33663908,0.2649567
1,leaf_rust,4,yellow_leaf_disease,0.012919152,0.367066,0.16339925,0.0056358227,0.45097983
1,leaf_rust,4,yellow_leaf_disease,0.03169326,0.29659504,0.041673973,0.0012566617,0.6287811
1,leaf_rust,1,leaf_rust,0.034672905,0.6831778,0.08836519,0.06622581,0.12755825
1,leaf_rust,4,yellow_leaf_disease,0.17031108,0.2934915,0.07398384,0.045334455,0.4168791
1,leaf_rust,2,leaf_spot,0.17879386,0.16986397,0.32117957,0.21233018,0.117832415
1,leaf_rust,1,leaf_rust,0.002685464,0.964642,0.0060481457,0.01356639,0.013058065
1,leaf_rust,4,yellow_leaf_disease,0.0006990643,0.059881434,0.03145206,3.260946e-05,0.90793484
1,leaf_rust,1,leaf_rust,0.0053023696,0.97756016,0.01062534,0.0013204024,0.005191662
1,leaf_rust,2,leaf_spot,0.05824966,0.20709457,0.6912314,0.00554685,0.03787748
1,leaf_rust,1,leaf_rust,0.010559017,0.9535503,0.028469298,5.506988e-06,0.007415938
1,leaf_rust,2,leaf_spot,0.2609804,0.22365858,0.31482992,0.037321463,0.16320962
1,leaf_rust,4,yellow_leaf_disease,0.097920306,0.039079763,0.23927477,0.16522735,0.4584978
1,leaf_rust,1,leaf_rust,0.085863665,0.64422613,0.20360681,0.0051615043,0.0611418
1,leaf_rust,2,leaf_spot,0.23119833,0.23743898,0.33195338,0.036082216,0.16332707
1,leaf_rust,1,leaf_rust,0.11978753,0.5165491,0.25382975,0.015866935,0.09396667
1,leaf_rust,1,leaf_rust,0.010954736,0.8698152,0.04136007,0.006551111,0.0713189
1,leaf_rust,1,leaf_rust,0.089247845,0.54485923,0.2852994,0.0072200424,0.07337355
1,leaf_rust,1,leaf_rust,0.30897495,0.39474532,0.096433684,0.0044173785,0.19542873
1,leaf_rust,1,leaf_rust,0.10445571,0.4685547,0.26266113,0.0039992654,0.16032925
1,leaf_rust,1,leaf_rust,0.010656837,0.9417191,0.042897567,0.00013258775,0.004593938
1,leaf_rust,1,leaf_rust,0.2565134,0.539309,0.15319078,0.016965896,0.034020945
1,leaf_rust,4,yellow_leaf_disease,0.09429821,0.28353387,0.031438455,0.0030770616,0.5876524
1,leaf_rust,0,leaf_blight,0.55318505,0.2346435,0.18311252,0.0017008799,0.027358124
1,leaf_rust,1,leaf_rust,0.00032397543,0.99745363,0.001884104,3.422314e-05,0.0003039879
1,leaf_rust,1,leaf_rust,0.018327646,0.97035116,0.008206982,0.0011657018,0.0019485524
1,leaf_rust,2,leaf_spot,0.110411204,0.31075674,0.47126153,0.06900356,0.038566902
1,leaf_rust,4,yellow_leaf_disease,0.019267395,0.26425913,0.23798692,0.0001899635,0.4782966
1,leaf_rust,1,leaf_rust,0.001043217,0.8732401,0.08175891,0.015979894,0.027977813
1,leaf_rust,1,leaf_rust,0.037413523,0.53629005,0.27231482,0.089232236,0.06474943
1,leaf_rust,1,leaf_rust,0.003732404,0.9935329,0.00094378454,0.0006713363,0.0011195716
1,leaf_rust,1,leaf_rust,0.0009897744,0.99262685,0.0050994554,9.3268936e-05,0.0011907142
1,leaf_rust,1,leaf_rust,0.028497426,0.66517323,0.16132264,0.003900854,0.14110588
1,leaf_rust,0,leaf_blight,0.45127514,0.05351678,0.39769065,0.019119292,0.078398205
1,leaf_rust,1,leaf_rust,0.07620134,0.47944674,0.15547283,0.15480591,0.13407317
1,leaf_rust,3,powdery_mildew,0.13677348,0.20213145,0.15753116,0.44401178,0.05955219
1,leaf_rust,1,leaf_rust,0.17655087,0.68677115,0.012629202,0.0019507642,0.12209799
1,leaf_rust,4,yellow_leaf_disease,0.021083185,0.36957812,0.11188823,0.014219199,0.48323128
1,leaf_rust,0,leaf_blight,0.44541493,0.17266333,0.18219574,0.0033060848,0.19641994
1,leaf_rust,1,leaf_rust,0.039446887,0.39642686,0.1785624,0.26717988,0.11838398
1,leaf_rust,0,leaf_blight,0.8235564,0.021696784,0.105622865,0.004682463,0.0444414
1,leaf_rust,1,leaf_rust,0.004227612,0.9746798,0.00480774,1.5550424e-05,0.016269244
1,leaf_rust,0,leaf_blight,0.3995211,0.34407142,0.1827726,0.032018863,0.041616064
1,leaf_rust,1,leaf_rust,0.014786396,0.90101403,0.062288336,0.0062210704,0.015690174
1,leaf_rust,1,leaf_rust,0.099961594,0.8323254,0.0427736,0.0037200078,0.021219488
1,leaf_rust,1,leaf_rust,0.0010667772,0.9680332,0.0038471397,0.002548687,0.024504123
1,leaf_rust,1,leaf_rust,0.0035880231,0.44896233,0.043877654,0.22728786,0.2762842
1,leaf_rust,4,yellow_leaf_disease,0.046602417,0.1518259,0.284231,0.01966933,0.49767143
1,leaf_rust,1,leaf_rust,0.002715561,0.9864791,0.002686882,0.0010480769,0.0070703616
1,leaf_rust,1,leaf_rust,0.17549583,0.6489318,0.04535408,0.01359595,0.11662226
1,leaf_rust,0,leaf_blight,0.38102347,0.2806531,0.11501336,0.0010737225,0.22223641
1,leaf_rust,0,leaf_blight,0.79768175,0.025647026,0.11801041,0.0056777364,0.052983046
1,leaf_rust,4,yellow_leaf_disease,0.15098424,0.12079116,0.25492108,0.06514599,0.4081575
1,leaf_rust,1,leaf_rust,0.03139849,0.68255866,0.20671704,0.026347198,0.052978575
1,leaf_rust,4,yellow_leaf_disease,0.21132159,0.0820479,0.33398816,0.016623745,0.3560186
1,leaf_rust,1,leaf_rust,0.01154665,0.9550124,0.013616194,0.010753186,0.009071548
1,leaf_rust,1,leaf_rust,0.016372565,0.82067585,0.010000353,0.14731514,0.005636099
1,leaf_rust,0,leaf_blight,0.4534161,0.02358747,0.19811305,0.019586613,0.3052967
2,leaf_spot,4,yellow_leaf_disease,0.25261682,0.018995143,0.046227816,0.30619037,0.37596986
2,leaf_spot,2,leaf_spot,0.14498098,0.064575724,0.7529733,0.00499873,0.032471176
2,leaf_spot,1,leaf_rust,0.22163652,0.30156705,0.19622809,0.16237412,0.11819423
2,leaf_spot,0,leaf_blight,0.31042594,0.2077752,0.29884407,0.09837305,0.084581695
2,leaf_spot,2,leaf_spot,0.15414432,0.325158,0.3275782,0.07692005,0.11619948
2,leaf_spot,2,leaf_spot,0.2882013,0.13303114,0.33524865,0.035876486,0.20764244
2,leaf_spot,0,leaf_blight,0.36175644,0.17455366,0.123357005,0.005968426,0.33436444
2,leaf_spot,2,leaf_spot,0.015260402,0.18797247,0.4429134,0.03996306,0.31389067
2,leaf_spot,1,leaf_rust,0.012050652,0.6885452,0.16775553,0.001357535,0.13029103
2,leaf_spot,2,leaf_spot,0.1792565,0.013942202,0.5714318,0.012564988,0.22280452
2,leaf_spot,3,powdery_mildew,0.10636137,0.012246231,0.33515424,0.39934734,0.14689077
2,leaf_spot,2,leaf_spot,0.36120647,0.08699481,0.47434956,0.007281813,0.0701674
2,leaf_spot,2,leaf_spot,0.214561,0.08016212,0.52063,0.016491022,0.16815582
2,leaf_spot,2,leaf_spot,0.11660409,0.06254474,0.7191088,0.0018752608,0.09986702
2,leaf_spot,0,leaf_blight,0.739963,0.032890532,0.13739572,0.019670501,0.07008027
2,leaf_spot,2,leaf_spot,0.3369226,0.092860505,0.44021922,0.11312036,0.016877279
2,leaf_spot,2,leaf_spot,0.16148509,0.04999208,0.59432787,0.019056702,0.17513825
2,leaf_spot,1,leaf_rust,0.099438265,0.60670245,0.23487753,0.010183397,0.048798345
2,leaf_spot,4,yellow_leaf_disease,0.20399766,0.025593035,0.1295519,0.02200914,0.61884826
2,leaf_spot,0,leaf_blight,0.7149496,0.017276999,0.16976197,0.016490944,0.08152053
2,leaf_spot,2,leaf_spot,0.1390526,0.14985833,0.55084336,0.07273302,0.08751274
2,leaf_spot,4,yellow_leaf_disease,0.18451145,0.13777299,0.15047368,0.06398257,0.4632593
2,leaf_spot,2,leaf_spot,0.31990713,0.17752592,0.3708087,0.012051778,0.11970642
2,leaf_spot,0,leaf_blight,0.59699523,0.0089335395,0.37501803,0.00047390474,0.018579243
2,leaf_spot,2,leaf_spot,0.3037101,0.21749392,0.42297247,0.008390215,0.04743332
2,leaf_spot,2,leaf_spot,0.0633243,0.054207116,0.85996574,0.0012146136,0.021288218
2,leaf_spot,4,yellow_leaf_disease,0.088684954,0.030625433,0.18137826,0.0041954196,0.69511604
2,leaf_spot,4,yellow_leaf_disease,0.09209169,0.032782532,0.2325012,0.036533285,0.6060913
2,leaf_spot,2,leaf_spot,0.4387444,0.011390211,0.5221007,0.0012406743,0.026523966
2,leaf_spot,2,leaf_spot,0.23031096,0.027510557,0.58749396,0.0014361825,0.15324832
2,leaf_spot,2,leaf_spot,0.22505097,0.3026609,0.35775527,0.023878463,0.09065441
2,leaf_spot,2,leaf_spot,0.05983228,0.23365456,0.6437461,0.034235056,0.02853207
2,leaf_spot,2,leaf_spot,0.10049897,0.07868607,0.6818776,0.05003722,0.08890013
2,leaf_spot,2,leaf_spot,0.13689013,0.056701615,0.7360592,0.0035700274,0.06677905
2,leaf_spot,0,leaf_blight,0.5104578,0.24572584,0.17914571,0.00031614455,0.064354576
2,leaf_spot,4,yellow_leaf_disease,0.09444031,0.05728343,0.41767192,0.0008663324,0.42973796
2,leaf_spot,2,leaf_spot,0.356961,0.05657515,0.410558,0.0035208964,0.17238484
2,leaf_spot,2,leaf_spot,0.016447492,0.028559184,0.9397051,0.00069984054,0.014588399
2,leaf_spot,2,leaf_spot,0.093017034,0.08222461,0.7946853,8.160653e-05,0.029991435
2,leaf_spot,2,leaf_spot,0.2337408,0.16520539,0.30438843,0.00505076,0.2916146
2,leaf_spot,4,yellow_leaf_disease,0.059013337,0.15524292,0.09095074,0.19714712,0.4976459
2,leaf_spot,2,leaf_spot,0.13522044,0.0063565043,0.44895965,0.00092435663,0.408539
2,leaf_spot,1,leaf_rust,0.124220066,0.42835894,0.39644787,0.023416912,0.027556175
2,leaf_spot,3,powdery_mildew,0.10253464,0.013986891,0.24369568,0.5198397,0.11994308
2,leaf_spot,0,leaf_blight,0.37052652,0.034743957,0.15601952,0.36362144,0.07508855
2,leaf_spot,2,leaf_spot,0.0376183,0.09754828,0.47390208,0.008643275,0.3822881
2,leaf_spot,2,leaf_spot,0.26805395,0.15287142,0.5560591,0.00031441104,0.022701083
2,leaf_spot,0,leaf_blight,0.34205425,0.08121617,0.29778364,0.2097243,0.06922162
2,leaf_spot,2,leaf_spot,0.3103019,0.0071645635,0.5950745,0.008840269,0.07861876
2,leaf_spot,2,leaf_spot,0.017961899,0.029176826,0.93671376,0.0008430576,0.015304488
2,leaf_spot,2,leaf_spot,0.036876597,0.020607807,0.9322793,2.0865622e-05,0.010215432
2,leaf_spot,3,powdery_mildew,0.03204923,0.09585686,0.13225283,0.70164394,0.038197108
2,leaf_spot,0,leaf_blight,0.77811116,0.0862407,0.057480067,0.011996991,0.0661711
2,leaf_spot,2,leaf_spot,0.20244111,0.17716724,0.32490963,0.18681626,0.108665735
2,leaf_spot,3,powdery_mildew,0.26683,0.14425005,0.19508275,0.29358706,0.10025008
2,leaf_spot,2,leaf_spot,0.10505262,0.2536471,0.43722835,0.108209595,0.09586242
2,leaf_spot,0,leaf_blight,0.91686463,0.0006425725,0.06808609,0.00032749405,0.01407936
2,leaf_spot,2,leaf_spot,0.13979669,0.05230399,0.69910926,0.00055643753,0.10823355
2,leaf_spot,1,leaf_rust,0.25047058,0.40105173,0.25786024,0.0070572407,0.08356018
2,leaf_spot,2,leaf_spot,0.22963193,0.29384476,0.38897884,0.055208072,0.032336395
2,leaf_spot,1,leaf_rust,0.23653136,0.39099666,0.25775504,0.008583901,0.106133
2,leaf_spot,2,leaf_spot,0.063217886,0.19335355,0.63304937,0.06834162,0.042037547
2,leaf_spot,2,leaf_spot,0.35558406,0.013650064,0.4600065,0.06893459,0.101824686
2,leaf_spot,0,leaf_blight,0.5286904,0.042976778,0.3766763,0.043551788,0.008104815
2,leaf_spot,2,leaf_spot,0.10885621,0.039861813,0.621599,0.03684396,0.19283901
2,leaf_spot,0,leaf_blight,0.49070874,0.015281515,0.2734001,0.0032616653,0.217348
2,leaf_spot,2,leaf_spot,0.08936431,0.17249231,0.30723652,0.1353758,0.29553103
2,leaf_spot,2,leaf_spot,0.064949,0.28567186,0.52098703,0.09690367,0.03148844
2,leaf_spot,2,leaf_spot,0.17336506,0.1433585,0.64981276,0.0006649565,0.032798763
2,leaf_spot,0,leaf_blight,0.80222255,0.056893658,0.090653606,0.031633414,0.01859681
2,leaf_spot,2,leaf_spot,0.19108374,0.0062644626,0.73716027,3.2715125e-05,0.06545882
2,leaf_spot,2,leaf_spot,0.14234965,0.009954775,0.4835237,0.08429911,0.27987275
2,leaf_spot,1,leaf_rust,0.21633957,0.6604896,0.05523979,0.0057555023,0.06217547
2,leaf_spot,2,leaf_spot,0.37162396,0.045204222,0.39199722,0.07366526,0.117509425
2,leaf_spot,0,leaf_blight,0.4477677,0.016096475,0.338278,0.0014862642,0.1963716
2,leaf_spot,2,leaf_spot,0.10888423,0.022889033,0.8439771,0.008195035,0.016054658
2,leaf_spot,2,leaf_spot,0.08138758,0.04686139,0.7405684,0.0011811664,0.1300015
2,leaf_spot,4,yellow_leaf_disease,0.13472529,0.012283636,0.27862868,0.17740709,0.39695528
2,leaf_spot,4,yellow_leaf_disease,0.23602954,0.023079239,0.2162805,0.20276394,0.32184678
2,leaf_spot,3,powdery_mildew,0.049444146,0.056106646,0.1574316,0.56182986,0.17518778
2,leaf_spot,2,leaf_spot,0.28292376,0.18907519,0.37267855,0.114111535,0.041210953
2,leaf_spot,0,leaf_blight,0.38734728,0.011714482,0.38664326,0.007628733,0.20666625
2,leaf_spot,0,leaf_blight,0.47421,0.0987757,0.37226412,0.009481369,0.045268804
2,leaf_spot,1,leaf_rust,0.12897594,0.5905256,0.18867743,0.019839667,0.07198132
2,leaf_spot,1,leaf_rust,0.13041188,0.62979287,0.21494019,0.009012125,0.015842924
2,leaf_spot,0,leaf_blight,0.4049342,0.19241937,0.27829638,0.008475398,0.1158746
2,leaf_spot,4,yellow_leaf_disease,0.083410904,0.08622684,0.3239707,0.04566968,0.46072185
2,leaf_spot,2,leaf_spot,0.25534967,0.15268642,0.2909719,0.044491906,0.25650015
2,leaf_spot,2,leaf_spot,0.055217344,0.16699831,0.38967425,0.0041615884,0.38394848
2,leaf_spot,4,yellow_leaf_disease,0.053654745,0.016065817,0.24365024,0.022507748,0.66412145
2,leaf_spot,2,leaf_spot,0.065964624,0.02331055,0.8886578,0.00040540838,0.021661568
2,leaf_spot,0,leaf_blight,0.35849288,0.05114198,0.14434391,0.3088337,0.13718751
2,leaf_spot,4,yellow_leaf_disease,0.21081866,0.22319615,0.255269,0.0031509835,0.30756524
2,leaf_spot,0,leaf_blight,0.4273692,0.008758449,0.3300008,0.0038801546,0.22999145
2,leaf_spot,1,leaf_rust,0.1112081,0.4985265,0.23638941,0.015582757,0.13829322
2,leaf_spot,2,leaf_spot,0.11730963,0.045755424,0.6203657,0.026998032,0.18957116
2,leaf_spot,4,yellow_leaf_disease,0.050245635,0.19147927,0.21387452,0.21698913,0.3274115
2,leaf_spot,4,yellow_leaf_disease,0.122236244,0.14192216,0.299882,0.09832934,0.33763027
2,leaf_spot,2,leaf_spot,0.13108446,0.1388479,0.5233222,0.014267806,0.19247764
2,leaf_spot,4,yellow_leaf_disease,0.045958567,0.07650306,0.39291236,0.002286144,0.48233986
2,leaf_spot,2,leaf_spot,0.05044844,0.1294834,0.6214311,0.01955719,0.17907985
2,leaf_spot,1,leaf_rust,0.14266853,0.48047692,0.31715348,0.0008931212,0.058807958
2,leaf_spot,1,leaf_rust,0.15915428,0.33376622,0.29516074,0.054494,0.15742476
2,leaf_spot,2,leaf_spot,0.21954224,0.0068420167,0.427899,0.037830815,0.30788597
2,leaf_spot,2,leaf_spot,0.16567144,0.3217057,0.37471303,0.08665738,0.051252414
2,leaf_spot,4,yellow_leaf_disease,0.07626332,0.096820876,0.3056694,0.009227369,0.512019
2,leaf_spot,4,yellow_leaf_disease,0.095485,0.054132115,0.4121262,0.00087053515,0.43738607
2,leaf_spot,2,leaf_spot,0.0862176,0.05488745,0.74043125,0.00051714294,0.11794657
2,leaf_spot,3,powdery_mildew,0.08657966,0.24288698,0.16991986,0.28828663,0.2123269
2,leaf_spot,2,leaf_spot,0.11993525,0.04225109,0.81623125,0.0033300086,0.018252393
2,leaf_spot,2,leaf_spot,0.14452054,0.024816714,0.5381862,0.0013491852,0.29112738
2,leaf_spot,1,leaf_rust,0.1619664,0.31994456,0.29462916,0.059790116,0.16366976
2,leaf_spot,0,leaf_blight,0.8301632,0.0329114,0.10852469,0.002230695,0.026170023
2,leaf_spot,2,leaf_spot,0.18084753,0.097295016,0.35294378,0.042230982,0.32668272
2,leaf_spot,2,leaf_spot,0.22220725,0.17637378,0.31458762,0.17656377,0.11026759
2,leaf_spot,2,leaf_spot,0.060660835,0.31834063,0.45068753,0.08839611,0.08191488
2,leaf_spot,2,leaf_spot,0.07648168,0.041094556,0.53166443,0.0021062938,0.34865296
2,leaf_spot,0,leaf_blight,0.43392473,0.34946415,0.15807655,0.016403211,0.042131312
2,leaf_spot,2,leaf_spot,0.17463353,0.29978532,0.42148852,0.042813495,0.061279107
2,leaf_spot,0,leaf_blight,0.5969543,0.001828468,0.30235142,0.00048232762,0.09838348
2,leaf_spot,2,leaf_spot,0.07996778,0.015546331,0.57684815,0.06821052,0.2594272
2,leaf_spot,3,powdery_mildew,0.22513147,0.06243897,0.21667801,0.36401653,0.131735
2,leaf_spot,1,leaf_rust,0.1449151,0.5263459,0.26667133,0.0018520511,0.060215697
2,leaf_spot,2,leaf_spot,0.059941817,0.109227285,0.7566203,0.010843693,0.063366994
2,leaf_spot,0,leaf_blight,0.39556986,0.20978457,0.2744261,0.00844613,0.11177339
2,leaf_spot,2,leaf_spot,0.09038932,0.2598279,0.502411,0.009829893,0.1375419
2,leaf_spot,1,leaf_rust,0.049259774,0.5826309,0.25051594,0.0063799606,0.11121349
2,leaf_spot,2,leaf_spot,0.37296113,0.07513381,0.48746133,0.0023980075,0.062045768
2,leaf_spot,0,leaf_blight,0.37192646,0.16733363,0.29611886,0.023235723,0.14138535
2,leaf_spot,2,leaf_spot,0.11880042,0.015355922,0.5005749,0.086412646,0.2788562
2,leaf_spot,4,yellow_leaf_disease,0.045693576,0.23791154,0.29968384,0.100175254,0.3165358
2,leaf_spot,0,leaf_blight,0.6385377,0.0072495462,0.053329304,0.0047650966,0.2961183
2,leaf_spot,1,leaf_rust,0.048054807,0.7027459,0.08337846,0.052441336,0.113379456
2,leaf_spot,0,leaf_blight,0.7763831,0.017637609,0.14490633,0.006286508,0.054786496
2,leaf_spot,2,leaf_spot,0.1378571,0.059874233,0.6502279,0.046465293,0.10557551
2,leaf_spot,4,yellow_leaf_disease,0.3439332,0.020195963,0.1944427,0.0051237466,0.43630433
2,leaf_spot,1,leaf_rust,0.15394129,0.41200715,0.22791706,0.08440084,0.12173368
2,leaf_spot,4,yellow_leaf_disease,0.066003434,0.03205496,0.16432287,0.10701266,0.630606
2,leaf_spot,0,leaf_blight,0.4808133,0.25003973,0.23760271,0.0076051373,0.02393911
2,leaf_spot,2,leaf_spot,0.021468664,0.2054516,0.6688668,0.007591331,0.09662151
2,leaf_spot,4,yellow_leaf_disease,0.21801999,0.01882122,0.13068472,0.029618138,0.602856
2,leaf_spot,2,leaf_spot,0.07263547,0.03518875,0.82510704,0.0062108138,0.060857955
2,leaf_spot,2,leaf_spot,0.30057108,0.016735747,0.6603894,0.00083517435,0.021468595
2,leaf_spot,4,yellow_leaf_disease,0.23010898,0.02164336,0.21696909,0.20331676,0.3279619
2,leaf_spot,4,yellow_leaf_disease,0.06405064,0.033088453,0.16234322,0.111935146,0.6285825
2,leaf_spot,2,leaf_spot,0.19425605,0.00616148,0.72831714,3.3773158e-05,0.0712315
2,leaf_spot,0,leaf_blight,0.38198328,0.15459041,0.30539653,0.023231348,0.13479844
2,leaf_spot,2,leaf_spot,0.26121083,0.124706425,0.4575725,0.011689838,0.14482039
2,leaf_spot,1,leaf_rust,0.1572322,0.4753764,0.3096134,0.0008356257,0.05694237
2,leaf_spot,4,yellow_leaf_disease,0.20134805,0.20150883,0.18642992,0.02093534,0.3897779
2,leaf_spot,4,yellow_leaf_disease,0.10894144,0.103876434,0.27197036,0.07972769,0.43548408
2,leaf_spot,2,leaf_spot,0.024347132,0.07114087,0.90138465,0.00014662681,0.002980754
2,leaf_spot,2,leaf_spot,0.2710103,0.06199321,0.44219887,0.075342245,0.14945537
2,leaf_spot,3,powdery_mildew,0.05446053,0.0076586637,0.108425476,0.7276264,0.101828955
2,leaf_spot,1,leaf_rust,0.09614487,0.7400467,0.1190728,0.0033225978,0.04141314
2,leaf_spot,2,leaf_spot,0.12431232,0.32281402,0.37116224,0.0999316,0.08177985
2,leaf_spot,3,powdery_mildew,0.0505084,0.016312463,0.13115977,0.577241,0.22477831
2,leaf_spot,4,yellow_leaf_disease,0.29116753,0.0142127555,0.14368506,0.007386156,0.5435485
2,leaf_spot,2,leaf_spot,0.10478523,0.11580236,0.39581406,0.16586274,0.21773557
2,leaf_spot,0,leaf_blight,0.6101227,0.106546596,0.17444119,0.02048038,0.08840915
2,leaf_spot,4,yellow_leaf_disease,0.24823272,0.017502956,0.23868375,0.039370194,0.45621035
2,leaf_spot,2,leaf_spot,0.09008864,0.21383385,0.5402824,0.009381942,0.14641309
2,leaf_spot,2,leaf_spot,0.037626073,0.10718861,0.69207156,0.00013518955,0.16297862
2,leaf_spot,4,yellow_leaf_disease,0.028026301,0.03076779,0.22908595,0.0042199786,0.7078999
2,leaf_spot,2,leaf_spot,0.12858848,0.014623454,0.78509456,0.0036023618,0.06809115
2,leaf_spot,4,yellow_leaf_disease,0.09116873,0.03806544,0.3018144,0.05968027,0.50927114
2,leaf_spot,0,leaf_blight,0.38610953,0.18783121,0.34080485,0.028155612,0.05709888
2,leaf_spot,2,leaf_spot,0.1267956,0.07454525,0.6834676,0.0020801253,0.11311143
2,leaf_spot,2,leaf_spot,0.15736926,0.1320348,0.5270115,0.0080589745,0.17552541
2,leaf_spot,4,yellow_leaf_disease,0.13569269,0.050190154,0.12529726,0.05429063,0.6345293
2,leaf_spot,4,yellow_leaf_disease,0.04570865,0.09035699,0.11023603,0.03734268,0.7163556
2,leaf_spot,2,leaf_spot,0.057732824,0.41868144,0.46540877,0.010221755,0.047955163
2,leaf_spot,3,powdery_mildew,0.17747988,0.03867436,0.18281609,0.4989405,0.102089144
2,leaf_spot,2,leaf_spot,0.34364426,0.07380358,0.34490618,0.007378554,0.23026747
3,powdery_mildew,3,powdery_mildew,0.0021623562,0.0015428129,0.008580977,0.97331333,0.0144005045
3,powdery_mildew,2,leaf_spot,0.3966667,0.030039478,0.43200654,0.0023564417,0.13893083
3,powdery_mildew,3,powdery_mildew,0.022087125,0.09953854,0.17119052,0.69725364,0.009930127
3,powdery_mildew,3,powdery_mildew,0.05404044,0.06252215,0.22373834,0.6123538,0.047345337
3,powdery_mildew,3,powdery_mildew,0.24581853,0.21794294,0.097342126,0.393038,0.04585834
3,powdery_mildew,1,leaf_rust,0.11736862,0.5038373,0.034169633,0.023631101,0.32099333
3,powdery_mildew,3,powdery_mildew,0.008432893,0.011656058,0.018621843,0.9512273,0.010061826
3,powdery_mildew,3,powdery_mildew,0.05363293,0.038838916,0.024088403,0.8496084,0.033831295
3,powdery_mildew,3,powdery_mildew,0.19885302,0.14270888,0.06992631,0.4778059,0.11070591
3,powdery_mildew,3,powdery_mildew,0.045230128,0.01662695,0.08904402,0.8111712,0.037927777
3,powdery_mildew,3,powdery_mildew,0.050548986,0.04810424,0.059152443,0.44855154,0.3936428
3,powdery_mildew,3,powdery_mildew,0.03748947,0.00541587,0.043658253,0.85675627,0.056680143
3,powdery_mildew,0,leaf_blight,0.39042416,0.22219235,0.040135194,0.2944716,0.052776746
3,powdery_mildew,3,powdery_mildew,0.021933671,0.2588308,0.21717829,0.39563176,0.10642546
3,powdery_mildew,3,powdery_mildew,0.00032910242,0.0008253261,0.0019406943,0.9866851,0.010219737
3,powdery_mildew,3,powdery_mildew,0.06592932,0.14591527,0.0996287,0.52806044,0.16046627
3,powdery_mildew,3,powdery_mildew,0.005861363,0.0023137648,0.038493283,0.9192306,0.034100927
3,powdery_mildew,2,leaf_spot,0.15463722,0.016248662,0.39962977,0.14247751,0.28700686
3,powdery_mildew,3,powdery_mildew,0.05652023,0.39581493,0.047599345,0.48208374,0.017981777
3,powdery_mildew,3,powdery_mildew,0.018693514,0.077909365,0.07842317,0.7551466,0.06982728
3,powdery_mildew,4,yellow_leaf_disease,0.110342965,0.03418499,0.24437083,0.3007661,0.31033507
3,powdery_mildew,1,leaf_rust,0.021338576,0.35932842,0.08986906,0.3474127,0.18205129
3,powdery_mildew,3,powdery_mildew,0.044451155,0.059799723,0.05811961,0.7740935,0.06353605
3,powdery_mildew,3,powdery_mildew,0.002257717,0.004934939,0.007763386,0.90473247,0.080311574
3,powdery_mildew,3,powdery_mildew,0.09992948,0.050818846,0.09303501,0.59760594,0.15861075
3,powdery_mildew,3,powdery_mildew,0.049668543,0.044826526,0.058231257,0.44464275,0.4026309
3,powdery_mildew,3,powdery_mildew,0.0036004514,0.007957275,0.02163964,0.8845922,0.082210496
3,powdery_mildew,3,powdery_mildew,0.0524454,0.058846775,0.22077498,0.62151796,0.046414867
3,powdery_mildew,3,powdery_mildew,0.08490863,0.028738217,0.19012652,0.58033496,0.11589169
3,powdery_mildew,3,powdery_mildew,0.0013328816,0.0006146891,0.00917049,0.96242356,0.026458293
3,powdery_mildew,3,powdery_mildew,0.0036608023,0.0014963745,0.0260786,0.9397819,0.02898225
3,powdery_mildew,3,powdery_mildew,0.02519827,0.060174868,0.040730625,0.80984575,0.06405053
3,powdery_mildew,3,powdery_mildew,0.12492035,0.022062091,0.12686735,0.36336482,0.36278543
3,powdery_mildew,3,powdery_mildew,0.0045385323,0.07147631,0.085901566,0.8125927,0.025490854
3,powdery_mildew,3,powdery_mildew,0.0004153085,0.00016917606,0.00045174017,0.9970343,0.0019295323
3,powdery_mildew,3,powdery_mildew,0.016898824,0.014860693,0.07019817,0.8706467,0.027395487
3,powdery_mildew,4,yellow_leaf_disease,0.1464576,0.1160471,0.21930806,0.08092071,0.4372666
3,powdery_mildew,3,powdery_mildew,0.037018716,0.13619573,0.21618435,0.538095,0.072506264
3,powdery_mildew,4,yellow_leaf_disease,0.037496727,0.021421554,0.1181704,0.052326873,0.7705844
3,powdery_mildew,3,powdery_mildew,0.032927923,0.043717805,0.06749712,0.68934536,0.16651176
3,powdery_mildew,3,powdery_mildew,0.00010108246,2.937258e-05,0.0006707984,0.9988912,0.0003075824
3,powdery_mildew,2,leaf_spot,0.23474407,0.006357255,0.42241037,0.2409239,0.0955644
3,powdery_mildew,3,powdery_mildew,0.20855337,0.019227548,0.14667599,0.43097794,0.19456513
3,powdery_mildew,0,leaf_blight,0.42247948,0.057367772,0.39600268,0.032068163,0.092081904
3,powdery_mildew,3,powdery_mildew,0.05796852,0.077506416,0.121827744,0.56259775,0.1800996
3,powdery_mildew,3,powdery_mildew,0.04711677,0.014360166,0.013115969,0.91378415,0.011623002
3,powdery_mildew,3,powdery_mildew,0.015004667,0.0051920637,0.046727475,0.91121423,0.021861592
3,powdery_mildew,3,powdery_mildew,0.03175791,0.010209951,0.02434493,0.92246795,0.01121922
3,powdery_mildew,3,powdery_mildew,0.07669488,0.022437824,0.23620512,0.40932667,0.25533557
3,powdery_mildew,3,powdery_mildew,0.24962866,0.0027042131,0.13497107,0.56677693,0.045919113
3,powdery_mildew,4,yellow_leaf_disease,0.04507145,0.016048796,0.150787,0.358953,0.42913976
3,powdery_mildew,3,powdery_mildew,0.031609856,0.0045252433,0.3717435,0.48930696,0.10281446
3,powdery_mildew,0,leaf_blight,0.58560765,0.0034762712,0.17906266,0.16506307,0.06679036
3,powdery_mildew,3,powdery_mildew,0.059515625,0.022223663,0.15555845,0.47657022,0.28613204
3,powdery_mildew,3,powdery_mildew,0.018219974,0.0055294223,0.03782161,0.9004112,0.038017828
3,powdery_mildew,3,powdery_mildew,0.016933981,0.0062476583,0.046997238,0.912771,0.017050155
3,powdery_mildew,3,powdery_mildew,0.02581507,0.070090905,0.2961997,0.33671314,0.27118117
3,powdery_mildew,3,powdery_mildew,0.022972321,0.024674984,0.07034708,0.80609685,0.07590883
3,powdery_mildew,3,powdery_mildew,0.15552409,0.0131663745,0.14113675,0.50013787,0.19003493
3,powdery_mildew,0,leaf_blight,0.36496633,0.11326848,0.18411432,0.19019957,0.14745133
3,powdery_mildew,3,powdery_mildew,0.022682313,0.014821727,0.047250956,0.86422354,0.051021513
3,powdery_mildew,3,powdery_mildew,0.0052308943,0.002553529,0.0056971153,0.97852147,0.007997026
3,powdery_mildew,3,powdery_mildew,0.0011700002,0.0033986366,0.0074719153,0.97997963,0.007979895
3,powdery_mildew,4,yellow_leaf_disease,0.05909539,0.047286704,0.1795856,0.2536806,0.4603517
3,powdery_mildew,3,powdery_mildew,0.035734307,0.09869291,0.05538219,0.6220413,0.18814936
3,powdery_mildew,3,powdery_mildew,0.019915255,0.04097152,0.05898666,0.7505593,0.12956733
3,powdery_mildew,3,powdery_mildew,0.023034725,0.017157324,0.13657773,0.5717377,0.25149247
3,powdery_mildew,3,powdery_mildew,0.06796211,0.038852446,0.23192684,0.45956853,0.20169015
3,powdery_mildew,3,powdery_mildew,0.003097135,0.0011394528,0.015109463,0.96989185,0.01076214
3,powdery_mildew,3,powdery_mildew,0.1212908,0.008312306,0.054767046,0.7701555,0.045474447
3,powdery_mildew,3,powdery_mildew,0.044692244,0.011133634,0.06313564,0.8523247,0.028713752
3,powdery_mildew,2,leaf_spot,0.10832105,0.06049327,0.60221875,0.040701658,0.18826523
3,powdery_mildew,1,leaf_rust,0.0105029,0.91446084,0.027976029,0.03389635,0.0131638525
3,powdery_mildew,3,powdery_mildew,0.008664918,0.0028737409,0.038469207,0.87581867,0.07417338
3,powdery_mildew,3,powdery_mildew,0.0709323,0.044911563,0.061186958,0.7971647,0.025804432
3,powdery_mildew,3,powdery_mildew,0.009297713,0.0068921377,0.052955296,0.76766104,0.16319388
3,powdery_mildew,3,powdery_mildew,0.0036226008,0.0048092343,0.007962345,0.9769915,0.0066143745
3,powdery_mildew,3,powdery_mildew,0.009484101,0.00742027,0.16342749,0.7687183,0.05094982
3,powdery_mildew,3,powdery_mildew,0.041090578,0.0066352733,0.08587826,0.77291274,0.093483165
3,powdery_mildew,3,powdery_mildew,0.021802684,0.23896295,0.2273483,0.28195915,0.22992694
3,powdery_mildew,3,powdery_mildew,0.094897784,0.10687581,0.076745376,0.6133405,0.1081405
3,powdery_mildew,2,leaf_spot,0.42325237,0.06640157,0.43676773,0.005652547,0.06792576
3,powdery_mildew,3,powdery_mildew,0.084711105,0.03259526,0.13611814,0.61265975,0.13391578
3,powdery_mildew,0,leaf_blight,0.51907974,0.22880408,0.2146809,0.001888869,0.0355464
3,powdery_mildew,3,powdery_mildew,0.097073875,0.048004273,0.088223405,0.617554,0.14914446
3,powdery_mildew,3,powdery_mildew,0.027381677,0.016712373,0.09710323,0.7446527,0.11414996
3,powdery_mildew,3,powdery_mildew,0.01696047,0.034279525,0.2979845,0.6342757,0.01649971
3,powdery_mildew,3,powdery_mildew,0.011482474,0.048728675,0.04221358,0.7321512,0.16542403
3,powdery_mildew,3,powdery_mildew,0.0049457187,0.15418887,0.050265227,0.7472109,0.043389257
3,powdery_mildew,3,powdery_mildew,0.001092879,0.0008716732,0.009195696,0.9701774,0.018662335
3,powdery_mildew,3,powdery_mildew,0.00042082075,0.040334374,0.044011794,0.8697389,0.045494106
3,powdery_mildew,3,powdery_mildew,0.052677125,0.011361458,0.06533898,0.7434616,0.1271609
3,powdery_mildew,3,powdery_mildew,0.0028964307,0.044236485,0.009545106,0.9192943,0.024027716
3,powdery_mildew,3,powdery_mildew,0.0009821578,0.008372467,0.01435151,0.9630652,0.01322869
3,powdery_mildew,0,leaf_blight,0.34748387,0.024449391,0.17842339,0.3380093,0.111634046
3,powdery_mildew,3,powdery_mildew,0.0011435571,0.0003287633,0.0061614346,0.9897168,0.002649447
3,powdery_mildew,0,leaf_blight,0.41284677,0.024430083,0.15869975,0.3198019,0.08422151
3,powdery_mildew,1,leaf_rust,0.04672958,0.80334055,0.04004281,0.07315598,0.03673116
3,powdery_mildew,3,powdery_mildew,0.050721522,0.03275097,0.029722646,0.8540626,0.03274231
3,powdery_mildew,3,powdery_mildew,0.10266352,0.021140529,0.026452705,0.7825717,0.067171566
3,powdery_mildew,3,powdery_mildew,0.037625812,0.068459116,0.08678128,0.58465415,0.22247969
3,powdery_mildew,3,powdery_mildew,0.016068293,0.017170686,0.02169134,0.89357054,0.051499143
3,powdery_mildew,3,powdery_mildew,0.09546814,0.059901655,0.29502547,0.49563935,0.053965345
3,powdery_mildew,0,leaf_blight,0.527199,0.013153137,0.21654625,0.2191818,0.023919832
3,powdery_mildew,3,powdery_mildew,0.0021193896,0.00089282246,0.011424119,0.9799717,0.005591891
3,powdery_mildew,3,powdery_mildew,0.08043859,0.01224123,0.051868543,0.6223901,0.23306154
3,powdery_mildew,3,powdery_mildew,0.033693314,0.053914953,0.110861525,0.7558675,0.045662675
3,powdery_mildew,3,powdery_mildew,0.12911221,0.012105855,0.11757311,0.5825561,0.15865265
3,powdery_mildew,3,powdery_mildew,0.026706416,0.016435388,0.041156095,0.7724806,0.14322145
3,powdery_mildew,3,powdery_mildew,0.0004375946,0.00014395102,0.0013234116,0.99539727,0.0026978198
3,powdery_mildew,3,powdery_mildew,0.010229159,0.009020695,0.11666687,0.7300224,0.13406089
3,powdery_mildew,3,powdery_mildew,0.009303836,0.008937822,0.0070901294,0.95910835,0.015559878
3,powdery_mildew,0,leaf_blight,0.37496543,0.12053672,0.181568,0.18234226,0.14058764
3,powdery_mildew,3,powdery_mildew,0.11775361,0.019097831,0.22104344,0.41133893,0.23076624
3,powdery_mildew,3,powdery_mildew,0.18901339,0.0019084581,0.13050137,0.5384946,0.14008218
3,powdery_mildew,4,yellow_leaf_disease,0.18809777,0.24477275,0.067909665,0.17111465,0.32810518
3,powdery_mildew,3,powdery_mildew,0.02091884,0.00067362003,0.016967926,0.9462574,0.015182111
3,powdery_mildew,0,leaf_blight,0.679545,0.13997492,0.10164758,0.05689523,0.021937288
3,powdery_mildew,3,powdery_mildew,0.05938623,0.04821578,0.11076399,0.65325975,0.12837422
3,powdery_mildew,3,powdery_mildew,0.008259252,0.035209857,0.025208997,0.7066907,0.2246312
3,powdery_mildew,3,powdery_mildew,0.03624985,0.02534801,0.13529773,0.71926624,0.08383812
3,powdery_mildew,3,powdery_mildew,0.0115773715,0.0034802007,0.01155033,0.82672507,0.146667
3,powdery_mildew,3,powdery_mildew,0.0049807266,0.15714373,0.051407825,0.74138904,0.045078617
3,powdery_mildew,3,powdery_mildew,0.009153524,0.008768317,0.045107227,0.875628,0.06134302
3,powdery_mildew,4,yellow_leaf_disease,0.07675733,0.00459212,0.061443277,0.18929937,0.66790783
3,powdery_mildew,1,leaf_rust,0.14863917,0.47844213,0.09153194,0.16785444,0.11353239
3,powdery_mildew,3,powdery_mildew,0.038127277,0.11279175,0.05665692,0.6025281,0.18989599
3,powdery_mildew,3,powdery_mildew,0.0003932823,0.0005078559,0.0016206264,0.9947918,0.0026863515
3,powdery_mildew,3,powdery_mildew,0.09107484,0.06388422,0.08010393,0.7129553,0.05198161
3,powdery_mildew,4,yellow_leaf_disease,0.0977104,0.113781266,0.121263884,0.29093966,0.3763049
3,powdery_mildew,3,powdery_mildew,0.00080207485,0.00058028294,0.009291047,0.97460246,0.014724115
3,powdery_mildew,3,powdery_mildew,0.035808064,0.15455134,0.0044837506,0.80265355,0.002503176
3,powdery_mildew,3,powdery_mildew,0.14670083,0.10655894,0.06865225,0.6315634,0.046524514
3,powdery_mildew,3,powdery_mildew,0.0011507388,0.009275933,0.010042903,0.9702996,0.009230793
3,powdery_mildew,4,yellow_leaf_disease,0.02395413,0.13990559,0.068668425,0.0012795525,0.7661923
3,powdery_mildew,3,powdery_mildew,0.00014970817,0.0058708563,0.0011414788,0.991137,0.001700899
3,powdery_mildew,3,powdery_mildew,0.00434826,0.0033359954,0.03182398,0.94562435,0.014867398
3,powdery_mildew,3,powdery_mildew,0.04067606,0.011476821,0.01981143,0.9157768,0.012258894
3,powdery_mildew,3,powdery_mildew,0.1737308,0.035224907,0.07243492,0.40930843,0.3093009
3,powdery_mildew,3,powdery_mildew,0.07063338,0.15646756,0.07225619,0.67662,0.024022758
3,powdery_mildew,3,powdery_mildew,0.0060849003,0.010662938,0.041019145,0.77936995,0.16286306
3,powdery_mildew,3,powdery_mildew,0.003498017,0.013605505,0.00964064,0.9627418,0.010514111
3,powdery_mildew,3,powdery_mildew,0.22024587,0.020652063,0.24706478,0.2968924,0.21514478
3,powdery_mildew,3,powdery_mildew,0.06332922,0.031442158,0.038451094,0.81602895,0.050748546
3,powdery_mildew,3,powdery_mildew,0.0113681685,0.002023971,0.018780498,0.9564234,0.011403931
3,powdery_mildew,3,powdery_mildew,0.13724384,0.015544592,0.15454225,0.50969934,0.18297
3,powdery_mildew,3,powdery_mildew,0.020430008,0.104061976,0.16401953,0.70134395,0.010144596
3,powdery_mildew,3,powdery_mildew,0.22434811,0.01837269,0.18603991,0.54628015,0.024959145
3,powdery_mildew,3,powdery_mildew,0.14074299,0.004400767,0.1872373,0.47781336,0.1898056
3,powdery_mildew,3,powdery_mildew,0.0006459297,0.009791222,0.03298176,0.9361892,0.020391962
3,powdery_mildew,3,powdery_mildew,0.01736507,0.0015840015,0.011081223,0.9482861,0.021683687
3,powdery_mildew,3,powdery_mildew,0.018839413,0.12920247,0.015927903,0.8028121,0.033218153
3,powdery_mildew,3,powdery_mildew,0.15770271,0.01449902,0.24555732,0.4482869,0.13395408
3,powdery_mildew,3,powdery_mildew,0.047954887,0.010088562,0.06480488,0.8365559,0.04059566
3,powdery_mildew,3,powdery_mildew,0.0017355568,0.00081494503,0.00991547,0.9817472,0.0057868096
3,powdery_mildew,3,powdery_mildew,0.020601517,0.027019445,0.076912224,0.78871614,0.08675066
3,powdery_mildew,0,leaf_blight,0.36311877,0.027555438,0.17642272,0.3201419,0.11276117
3,powdery_mildew,3,powdery_mildew,0.3581295,0.049687807,0.10448291,0.36282262,0.12487713
3,powdery_mildew,3,powdery_mildew,0.07675778,0.038133673,0.03244829,0.79406923,0.058590982
3,powdery_mildew,4,yellow_leaf_disease,0.021294681,0.03842648,0.07054297,0.14651461,0.72322124
3,powdery_mildew,3,powdery_mildew,0.20168017,0.023046477,0.23903227,0.3451463,0.19109476
3,powdery_mildew,3,powdery_mildew,0.042385414,0.028271118,0.15169853,0.67356324,0.10408161
3,powdery_mildew,3,powdery_mildew,0.009014709,0.00716285,0.05449586,0.7571238,0.17220283
3,powdery_mildew,3,powdery_mildew,0.0026769042,0.040358823,0.019019099,0.6925935,0.24535173
3,powdery_mildew,1,leaf_rust,0.37216884,0.40354997,0.05147015,0.10094424,0.07186676
3,powdery_mildew,4,yellow_leaf_disease,0.15550458,0.03241663,0.22188975,0.2016156,0.3885734
3,powdery_mildew,4,yellow_leaf_disease,0.046103567,0.252248,0.15028088,0.27163893,0.27972865
3,powdery_mildew,3,powdery_mildew,0.052697953,0.10928544,0.10741685,0.7086437,0.021956107
3,powdery_mildew,3,powdery_mildew,0.036179986,0.05038665,0.21357596,0.5608582,0.13899918
3,powdery_mildew,3,powdery_mildew,4.4722667e-05,0.000525656,0.00083090743,0.9974414,0.0011572286
3,powdery_mildew,2,leaf_spot,0.14208731,0.18170626,0.40351132,0.2074596,0.065235555
3,powdery_mildew,3,powdery_mildew,0.0036981127,0.00072556705,0.0037715333,0.98139405,0.010410753
3,powdery_mildew,3,powdery_mildew,0.00078554597,0.00023951712,0.001628342,0.9891679,0.008178629
3,powdery_mildew,4,yellow_leaf_disease,0.07827862,0.022445086,0.26167896,0.29266435,0.34493294
4,yellow_leaf_disease,4,yellow_leaf_disease,0.19900045,0.15167761,0.23383541,0.028567996,0.38691851
4,yellow_leaf_disease,4,yellow_leaf_disease,0.018103182,0.016440079,0.07578244,0.017879056,0.87179524
4,yellow_leaf_disease,1,leaf_rust,0.05484623,0.3284823,0.25055546,0.07778378,0.28833225
4,yellow_leaf_disease,0,leaf_blight,0.4981603,0.0007955519,0.17583516,0.06811681,0.2570922
4,yellow_leaf_disease,4,yellow_leaf_disease,0.045288384,0.22217694,0.29955626,0.029463332,0.40351513
4,yellow_leaf_disease,0,leaf_blight,0.39609522,0.073242225,0.38805434,0.03577941,0.106828906
4,yellow_leaf_disease,4,yellow_leaf_disease,0.06997417,0.35110232,0.105087385,0.077253334,0.39658278
4,yellow_leaf_disease,3,powdery_mildew,0.037930794,0.13722016,0.09198953,0.6151288,0.117730655
4,yellow_leaf_disease,4,yellow_leaf_disease,0.14657019,0.24133804,0.21288341,0.027528634,0.37167966
4,yellow_leaf_disease,0,leaf_blight,0.7352371,0.028970907,0.02497897,0.022414956,0.18839802
4,yellow_leaf_disease,4,yellow_leaf_disease,0.19236761,0.0027543611,0.056829505,0.05702968,0.6910188
4,yellow_leaf_disease,4,yellow_leaf_disease,0.26767412,0.019326,0.23634765,0.036716454,0.43993586
4,yellow_leaf_disease,4,yellow_leaf_disease,0.030496163,0.023574626,0.118583135,0.09167305,0.73567295
4,yellow_leaf_disease,4,yellow_leaf_disease,0.0892033,0.062711604,0.13054864,0.009587363,0.70794904
4,yellow_leaf_disease,2,leaf_spot,0.36297703,0.014083982,0.48913148,0.000965387,0.13284212
4,yellow_leaf_disease,0,leaf_blight,0.604024,0.04594529,0.10136343,0.015027991,0.23363931
4,yellow_leaf_disease,4,yellow_leaf_disease,0.041688707,0.023173463,0.07580688,0.06806396,0.79126704
4,yellow_leaf_disease,4,yellow_leaf_disease,0.002139776,0.08796102,0.048447788,0.026847461,0.8346039
4,yellow_leaf_disease,4,yellow_leaf_disease,0.015625626,0.22933367,0.08158449,0.047325417,0.62613076
4,yellow_leaf_disease,2,leaf_spot,0.2746586,0.15821373,0.48649484,0.00033412292,0.08029872
4,yellow_leaf_disease,4,yellow_leaf_disease,0.09700261,0.08360272,0.16524132,0.002935456,0.6512179
4,yellow_leaf_disease,3,powdery_mildew,0.04220483,0.08733293,0.08517404,0.6453038,0.1399844
4,yellow_leaf_disease,4,yellow_leaf_disease,0.07991463,0.046252083,0.22846593,0.3102143,0.335153
4,yellow_leaf_disease,4,yellow_leaf_disease,0.19342153,0.057970013,0.07666704,0.12154583,0.55039567
4,yellow_leaf_disease,3,powdery_mildew,0.031109603,0.02195165,0.06595531,0.61981624,0.2611672
4,yellow_leaf_disease,4,yellow_leaf_disease,0.14472021,0.02707775,0.06573128,0.003955755,0.758515
4,yellow_leaf_disease,4,yellow_leaf_disease,0.0331613,0.13351466,0.104739904,0.0033565217,0.72522765
4,yellow_leaf_disease,1,leaf_rust,0.053347617,0.31735918,0.25054088,0.07906481,0.2996875
4,yellow_leaf_disease,4,yellow_leaf_disease,0.13929477,0.073582835,0.26946446,0.0069856644,0.5106722
4,yellow_leaf_disease,3,powdery_mildew,0.09170397,0.020296395,0.12146275,0.60472417,0.16181274
4,yellow_leaf_disease,4,yellow_leaf_disease,0.018775422,0.026610846,0.123582885,0.024360094,0.80667067
4,yellow_leaf_disease,4,yellow_leaf_disease,0.06673216,0.00972395,0.3365126,0.073145226,0.5138861
4,yellow_leaf_disease,4,yellow_leaf_disease,0.17021069,0.13647011,0.045979183,0.007604567,0.63973546
4,yellow_leaf_disease,4,yellow_leaf_disease,0.08856462,0.092278905,0.20619671,0.2994246,0.3135351
4,yellow_leaf_disease,4,yellow_leaf_disease,0.10632735,0.059697468,0.16035907,0.1951194,0.47849676
4,yellow_leaf_disease,2,leaf_spot,0.13619047,0.24611178,0.5060971,0.006862407,0.104738206
4,yellow_leaf_disease,4,yellow_leaf_disease,0.10914453,0.053239375,0.087538436,0.023872826,0.7262048
4,yellow_leaf_disease,4,yellow_leaf_disease,0.03248858,0.18758982,0.07475728,0.00029520746,0.70486915
4,yellow_leaf_disease,4,yellow_leaf_disease,0.15928328,0.007924518,0.035358142,0.036024302,0.76140976
4,yellow_leaf_disease,4,yellow_leaf_disease,0.108932056,0.06645396,0.08891867,0.0022375437,0.73345774
4,yellow_leaf_disease,4,yellow_leaf_disease,0.03290646,0.08614416,0.088449486,0.041196592,0.7513033
4,yellow_leaf_disease,4,yellow_leaf_disease,0.1434698,0.12520824,0.05921174,0.05503904,0.6170712
4,yellow_leaf_disease,4,yellow_leaf_disease,0.019586366,0.029465774,0.085310645,0.005687964,0.8599492
4,yellow_leaf_disease,4,yellow_leaf_disease,0.17896023,0.00273638,0.1889667,0.001389235,0.6279475
4,yellow_leaf_disease,4,yellow_leaf_disease,0.11050251,0.11321113,0.27643698,0.1259224,0.37392694
4,yellow_leaf_disease,4,yellow_leaf_disease,0.25536487,0.21423833,0.14776585,0.03221693,0.350414
4,yellow_leaf_disease,2,leaf_spot,0.056456503,0.11569617,0.5554403,0.016972495,0.2554345
4,yellow_leaf_disease,4,yellow_leaf_disease,0.0040630037,0.0035690013,0.026879862,0.0050102314,0.96047795
4,yellow_leaf_disease,4,yellow_leaf_disease,0.020098647,0.04973205,0.01906055,0.024656087,0.8864527
4,yellow_leaf_disease,0,leaf_blight,0.63678503,0.031257022,0.05165258,0.008519946,0.2717854
4,yellow_leaf_disease,4,yellow_leaf_disease,0.044563424,0.008541258,0.05534314,0.0023399387,0.88921225
4,yellow_leaf_disease,4,yellow_leaf_disease,0.034536146,0.0140691195,0.08869492,0.0030017311,0.85969806
4,yellow_leaf_disease,0,leaf_blight,0.48353946,0.10184846,0.17950632,0.007993198,0.22711255
4,yellow_leaf_disease,4,yellow_leaf_disease,0.10254188,0.044429377,0.17556813,0.2740007,0.40345997
4,yellow_leaf_disease,3,powdery_mildew,0.1346129,0.0040023825,0.02237203,0.43936118,0.39965153
4,yellow_leaf_disease,4,yellow_leaf_disease,0.07936869,0.016449424,0.072539054,0.0019900908,0.82965267
4,yellow_leaf_disease,1,leaf_rust,0.10900109,0.42921162,0.21709831,0.08859543,0.1560935
4,yellow_leaf_disease,3,powdery_mildew,0.022114718,0.1988244,0.09495761,0.4805213,0.20358196
4,yellow_leaf_disease,0,leaf_blight,0.40401682,0.14970003,0.16626196,0.056243982,0.22377716
4,yellow_leaf_disease,4,yellow_leaf_disease,0.13184682,0.001475409,0.10404182,0.00057419814,0.76206166
4,yellow_leaf_disease,4,yellow_leaf_disease,0.014859789,0.08765812,0.11475936,0.008711755,0.7740109
4,yellow_leaf_disease,4,yellow_leaf_disease,0.28321528,0.075692415,0.15101546,0.0010149789,0.48906192
4,yellow_leaf_disease,2,leaf_spot,0.090197764,0.33115467,0.34843168,0.030979877,0.19923611
4,yellow_leaf_disease,1,leaf_rust,0.016378725,0.82107973,0.13010862,0.0018159148,0.030617047
4,yellow_leaf_disease,3,powdery_mildew,0.06916037,0.022779694,0.1815084,0.41164145,0.31491008
4,yellow_leaf_disease,3,powdery_mildew,0.025846919,0.026780598,0.08917325,0.67328054,0.18491873
4,yellow_leaf_disease,4,yellow_leaf_disease,0.03316897,0.018814718,0.04854128,0.00328683,0.89618814
4,yellow_leaf_disease,4,yellow_leaf_disease,0.21368544,0.08129404,0.16307299,0.014017835,0.5279298
4,yellow_leaf_disease,4,yellow_leaf_disease,0.087599516,0.020973818,0.17340273,0.025531925,0.69249195
4,yellow_leaf_disease,4,yellow_leaf_disease,0.0471463,0.029284908,0.103193566,0.14217432,0.6782008
4,yellow_leaf_disease,2,leaf_spot,0.11400629,0.056724448,0.48050973,0.13208921,0.21667027
4,yellow_leaf_disease,4,yellow_leaf_disease,0.05220411,0.029658563,0.26246238,0.045089066,0.6105859
4,yellow_leaf_disease,4,yellow_leaf_disease,0.16016434,0.07720201,0.14061694,0.28622803,0.3357888
4,yellow_leaf_disease,4,yellow_leaf_disease,0.12938595,0.06357479,0.077852905,0.0017739643,0.7274124
4,yellow_leaf_disease,1,leaf_rust,0.16806488,0.5015647,0.2460067,0.019214477,0.06514927
4,yellow_leaf_disease,4,yellow_leaf_disease,0.10934002,0.04337449,0.26566792,0.21665184,0.3649657
4,yellow_leaf_disease,0,leaf_blight,0.3946815,0.14812912,0.122959554,0.0037631113,0.33046675
4,yellow_leaf_disease,0,leaf_blight,0.4380062,0.030750353,0.09811382,0.013025009,0.42010462
4,yellow_leaf_disease,4,yellow_leaf_disease,0.06838643,0.08130133,0.10562547,0.020345837,0.7243409
4,yellow_leaf_disease,4,yellow_leaf_disease,0.014923461,0.10351709,0.15151252,0.12300258,0.60704434
4,yellow_leaf_disease,0,leaf_blight,0.55799085,0.22636689,0.16198924,0.006830416,0.046822574
4,yellow_leaf_disease,4,yellow_leaf_disease,0.07553036,0.06454334,0.2359679,0.04087586,0.58308244
4,yellow_leaf_disease,4,yellow_leaf_disease,0.043723866,0.085474245,0.13277754,0.096435875,0.6415884
4,yellow_leaf_disease,4,yellow_leaf_disease,0.2712817,0.08249708,0.15776964,0.058557384,0.42989415
4,yellow_leaf_disease,4,yellow_leaf_disease,0.11664865,0.035011794,0.05650019,0.013138447,0.77870095
4,yellow_leaf_disease,4,yellow_leaf_disease,0.038346473,0.12216087,0.18036997,0.00024440757,0.6588783
4,yellow_leaf_disease,4,yellow_leaf_disease,0.12849356,0.013979901,0.029525269,0.0025310784,0.8254702
4,yellow_leaf_disease,4,yellow_leaf_disease,0.044190932,0.10839857,0.08736879,0.2695265,0.49051517
4,yellow_leaf_disease,4,yellow_leaf_disease,0.007569993,0.08077027,0.12672083,0.13629414,0.64864475
4,yellow_leaf_disease,3,powdery_mildew,0.05014161,0.106963366,0.1262274,0.42833966,0.288328
4,yellow_leaf_disease,4,yellow_leaf_disease,0.15521206,0.049437664,0.21486476,0.034524687,0.54596084
4,yellow_leaf_disease,0,leaf_blight,0.5641878,0.02175508,0.092639774,0.0033494753,0.31806794
4,yellow_leaf_disease,3,powdery_mildew,0.08502218,0.019326027,0.07150724,0.49563473,0.3285098
4,yellow_leaf_disease,4,yellow_leaf_disease,0.2677917,0.28659537,0.08500698,0.021650193,0.33895573
4,yellow_leaf_disease,0,leaf_blight,0.4812595,0.07089827,0.11625277,0.15181908,0.17977037
4,yellow_leaf_disease,0,leaf_blight,0.39689907,0.2359098,0.25269976,0.0066600093,0.10783141
4,yellow_leaf_disease,4,yellow_leaf_disease,0.018831307,0.0036692838,0.015896518,0.020928653,0.9406742
4,yellow_leaf_disease,4,yellow_leaf_disease,0.1032306,0.11542908,0.14665312,0.11603568,0.5186515
4,yellow_leaf_disease,4,yellow_leaf_disease,0.2622473,0.077781305,0.073575355,0.041020505,0.5453756
4,yellow_leaf_disease,4,yellow_leaf_disease,0.16744182,0.06810253,0.20811257,0.051694848,0.5046482
4,yellow_leaf_disease,4,yellow_leaf_disease,0.043363035,0.005098302,0.07172945,0.02839884,0.8514103
4,yellow_leaf_disease,4,yellow_leaf_disease,0.16734996,0.27281293,0.11068258,0.013509939,0.43564448
4,yellow_leaf_disease,4,yellow_leaf_disease,0.3517478,0.06932424,0.20115739,0.024869487,0.3529011
4,yellow_leaf_disease,4,yellow_leaf_disease,0.031252425,0.037944194,0.40270168,0.07860068,0.44950104
4,yellow_leaf_disease,4,yellow_leaf_disease,0.06130987,0.024206514,0.0088302875,0.028745603,0.87690765
4,yellow_leaf_disease,2,leaf_spot,0.05353415,0.09086881,0.45031893,0.006882225,0.39839596
4,yellow_leaf_disease,3,powdery_mildew,0.15867735,0.03992247,0.22204551,0.4092526,0.17010204
4,yellow_leaf_disease,4,yellow_leaf_disease,0.08066124,0.08091497,0.24131785,0.20192218,0.39518374
4,yellow_leaf_disease,3,powdery_mildew,0.13127959,0.007418287,0.079831906,0.6439857,0.13748457
4,yellow_leaf_disease,4,yellow_leaf_disease,0.07126977,0.010218629,0.17275406,0.02610802,0.71964955
4,yellow_leaf_disease,3,powdery_mildew,0.1286146,0.046555683,0.09512153,0.4728778,0.25683042
4,yellow_leaf_disease,4,yellow_leaf_disease,0.10280013,0.11478551,0.20756203,0.0061174673,0.5687348
4,yellow_leaf_disease,2,leaf_spot,0.057164297,0.105141476,0.30092826,0.2399879,0.29677802
4,yellow_leaf_disease,2,leaf_spot,0.04421569,0.02959874,0.5840301,0.020174831,0.3219806
4,yellow_leaf_disease,2,leaf_spot,0.021361096,0.031710107,0.38121676,0.29224697,0.2734651
4,yellow_leaf_disease,4,yellow_leaf_disease,0.024245704,0.08117217,0.078290805,0.012658079,0.8036333
4,yellow_leaf_disease,4,yellow_leaf_disease,0.21699262,0.024042403,0.24936084,0.00011756565,0.5094865
4,yellow_leaf_disease,4,yellow_leaf_disease,0.15610385,0.057807244,0.15017304,0.008001378,0.6279144
4,yellow_leaf_disease,4,yellow_leaf_disease,0.10702946,0.011651556,0.106820464,0.0508406,0.7236579
4,yellow_leaf_disease,4,yellow_leaf_disease,0.026835237,0.18273212,0.059496384,0.017705435,0.7132308
4,yellow_leaf_disease,1,leaf_rust,0.009737929,0.47796842,0.35503358,0.001079816,0.15618019
4,yellow_leaf_disease,0,leaf_blight,0.44465265,0.12864345,0.3140441,0.018331371,0.09432844
4,yellow_leaf_disease,4,yellow_leaf_disease,0.038594436,0.08921137,0.10675212,0.07567125,0.68977076
4,yellow_leaf_disease,2,leaf_spot,0.19252516,0.05538182,0.6400654,0.028251503,0.08377614
4,yellow_leaf_disease,2,leaf_spot,0.12037642,0.14658645,0.6857492,0.0009711037,0.046316836
4,yellow_leaf_disease,2,leaf_spot,0.16284414,0.058270447,0.39933923,0.031534407,0.34801173
4,yellow_leaf_disease,0,leaf_blight,0.24613723,0.21681936,0.2399217,0.17925172,0.11786999
4,yellow_leaf_disease,2,leaf_spot,0.12711278,0.08187527,0.38335627,0.1286534,0.27900228
4,yellow_leaf_disease,4,yellow_leaf_disease,0.25343373,0.009690354,0.028186297,0.11853984,0.5901497
4,yellow_leaf_disease,4,yellow_leaf_disease,0.19782433,0.10857906,0.061174516,0.0575947,0.5748274
4,yellow_leaf_disease,2,leaf_spot,0.30321527,0.07678979,0.4903261,0.0025344884,0.12713438
4,yellow_leaf_disease,4,yellow_leaf_disease,0.0136514325,0.015238412,0.006917128,0.0011512275,0.9630418
4,yellow_leaf_disease,4,yellow_leaf_disease,0.16797769,0.034959495,0.25967863,0.060443442,0.47694072
4,yellow_leaf_disease,2,leaf_spot,0.18185852,0.04250775,0.45322984,0.02934543,0.29305845
4,yellow_leaf_disease,2,leaf_spot,0.08845244,0.118812025,0.44394198,0.046734825,0.30205876
4,yellow_leaf_disease,1,leaf_rust,0.003511451,0.5652772,0.007698179,0.026486205,0.39702693
4,yellow_leaf_disease,2,leaf_spot,0.09139596,0.062278766,0.4273149,0.0017439476,0.41726643
4,yellow_leaf_disease,4,yellow_leaf_disease,0.035602964,0.01310741,0.20110735,0.000527245,0.749655
4,yellow_leaf_disease,4,yellow_leaf_disease,0.13189378,0.023218457,0.15796545,0.030483905,0.6564384
4,yellow_leaf_disease,4,yellow_leaf_disease,0.07163583,0.065727174,0.11081719,0.005134978,0.74668473
4,yellow_leaf_disease,1,leaf_rust,0.103908226,0.38255006,0.33551255,0.035761397,0.14226773
4,yellow_leaf_disease,0,leaf_blight,0.70192564,0.0018453964,0.09603408,0.1093162,0.09087868
4,yellow_leaf_disease,4,yellow_leaf_disease,0.09913698,0.003329735,0.12511952,0.06391212,0.7085016
4,yellow_leaf_disease,3,powdery_mildew,0.032473866,0.07614498,0.09609015,0.77616674,0.019124314
4,yellow_leaf_disease,2,leaf_spot,0.11899909,0.07887402,0.3974439,0.12373978,0.28094319
4,yellow_leaf_disease,4,yellow_leaf_disease,0.01624775,0.023246719,0.19510674,0.27947155,0.48592725
4,yellow_leaf_disease,0,leaf_blight,0.34413177,0.05537683,0.26116362,0.0027188438,0.33660892
4,yellow_leaf_disease,0,leaf_blight,0.42643484,0.073983185,0.13050993,0.1639926,0.2050794
4,yellow_leaf_disease,3,powdery_mildew,0.046309426,0.09535513,0.2990808,0.43446767,0.12478704
4,yellow_leaf_disease,1,leaf_rust,0.06697596,0.62354517,0.15367427,0.008595843,0.1472087
4,yellow_leaf_disease,4,yellow_leaf_disease,0.06728414,0.011533106,0.03345824,0.0018054392,0.88591915
4,yellow_leaf_disease,4,yellow_leaf_disease,0.06288249,0.014233387,0.12285729,0.1969856,0.6030413
4,yellow_leaf_disease,4,yellow_leaf_disease,0.066511504,0.0068556042,0.030813288,0.0068140347,0.8890055
4,yellow_leaf_disease,1,leaf_rust,0.15176532,0.45018294,0.11564528,0.11159423,0.17081219
4,yellow_leaf_disease,2,leaf_spot,0.16176562,0.07997343,0.36699703,0.04056309,0.35070086
4,yellow_leaf_disease,4,yellow_leaf_disease,0.18544042,0.058732733,0.17187114,0.060941882,0.52301383
4,yellow_leaf_disease,3,powdery_mildew,0.072408274,0.007446823,0.11004955,0.5272769,0.28281838
4,yellow_leaf_disease,4,yellow_leaf_disease,0.042489067,0.03722228,0.113350995,0.2548894,0.5520483
4,yellow_leaf_disease,4,yellow_leaf_disease,0.04374184,0.025596783,0.024244837,0.0013573719,0.90505916
4,yellow_leaf_disease,4,yellow_leaf_disease,0.10529636,0.011979094,0.06363596,0.01514367,0.803945
4,yellow_leaf_disease,0,leaf_blight,0.4676126,0.023213401,0.29626247,0.0044950433,0.20841652
4,yellow_leaf_disease,2,leaf_spot,0.04589916,0.33797082,0.37474847,0.07957174,0.16180979
4,yellow_leaf_disease,0,leaf_blight,0.7914474,0.032618236,0.035163816,0.013446446,0.12732407
4,yellow_leaf_disease,3,powdery_mildew,0.032395072,0.031892184,0.07093318,0.49787912,0.3669005
4,yellow_leaf_disease,4,yellow_leaf_disease,0.025694376,0.022434928,0.035748675,0.109492496,0.8066295
4,yellow_leaf_disease,4,yellow_leaf_disease,0.019406095,0.0035316795,0.01549569,0.019063821,0.94250274
4,yellow_leaf_disease,4,yellow_leaf_disease,0.049929492,0.048130948,0.053246986,0.26909608,0.5795964
4,yellow_leaf_disease,1,leaf_rust,0.02132997,0.3764092,0.3731113,0.0050137704,0.22413577
4,yellow_leaf_disease,3,powdery_mildew,0.017633244,0.027786853,0.236402,0.5433453,0.17483255
4,yellow_leaf_disease,1,leaf_rust,0.0034354443,0.97904235,0.010230119,0.000113182934,0.00717887
4,yellow_leaf_disease,4,yellow_leaf_disease,0.14399509,0.057462342,0.13303736,0.011319441,0.6541857
4,yellow_leaf_disease,4,yellow_leaf_disease,0.25640643,0.012557222,0.090448715,0.024827702,0.61575997
4,yellow_leaf_disease,0,leaf_blight,0.8829448,0.042746596,0.054248486,0.00045448038,0.019605627
4,yellow_leaf_disease,4,yellow_leaf_disease,0.06585542,0.16021468,0.23073277,0.18479212,0.35840505
